SYNOP;CLOUD_T;Num;Year;Month;Day;Hour;Longitude;Latitude;Diam
2;1;1;2004;03;01;15;6.697;66.173;290.747
2;1;1;2004;03;01;16;8.052;66.520;155.038
2;1;1;2004;03;01;17;9.430;66.080;161.776
2;1;1;2004;03;01;18;10.130;65.600;154.598
2;1;2;2004;03;27;11;8.805;65.755;140.893
2;1;2;2004;03;27;12;9.484;65.884;145.644
2;1;2;2004;03;27;13;10.181;66.032;146.497
3;1;3;2004;11;15;12;1.669;68.563;158.904
3;1;3;2004;11;15;13;3.762;68.271;167.994
3;1;3;2004;11;15;14;4.793;67.458;146.716
3;1;3;2004;11;15;15;6.134;66.846;140.624
3;1;4;2004;11;16;06;2.760;69.680;158.943
3;1;4;2004;11;16;07;2.957;69.342;183.325
3;1;4;2004;11;16;08;3.036;69.138;157.920
3;1;5;2004;11;16;14;41.065;71.826;125.054
3;1;5;2004;11;16;15;40.547;71.721;146.735
3;1;5;2004;11;16;16;40.559;71.389;114.233
3;1;5;2004;11;16;17;41.967;70.210;125.622
3;1;5;2004;11;16;18;42.520;70.035;120.869
3;1;5;2004;11;16;19;43.025;69.789;124.041
3;1;5;2004;11;16;20;42.883;69.557;154.642
4;1;6;2004;11;18;00;41.912;73.718;163.117
4;1;6;2004;11;18;01;41.748;73.640;121.383
4;1;6;2004;11;18;02;41.943;73.595;107.455
4;1;6;2004;11;18;03;41.666;73.374;106.477
4;1;6;2004;11;18;04;41.252;73.454;124.728
4;1;6;2004;11;18;05;41.094;73.359;122.591
4;1;6;2004;11;18;06;40.386;73.468;115.847
4;1;6;2004;11;18;07;39.978;73.509;110.351
4;1;6;2004;11;18;08;39.344;73.662;119.240
4;1;6;2004;11;18;09;40.941;73.515;112.744
4;1;6;2004;11;18;10;39.970;73.778;107.147
4;1;6;2004;11;18;11;39.269;73.746;133.849
4;1;7;2004;11;18;00;46.035;75.394;198.832
4;1;7;2004;11;18;01;44.943;75.245;188.026
4;1;7;2004;11;18;02;44.129;75.376;178.431
4;1;7;2004;11;18;03;43.450;75.303;234.504
4;1;7;2004;11;18;04;42.485;75.520;212.077
4;1;7;2004;11;18;05;41.334;75.477;226.267
4;1;7;2004;11;18;06;39.627;75.549;226.955
4;1;7;2004;11;18;07;39.062;75.511;205.147
4;1;7;2004;11;18;08;39.748;75.639;272.801
4;1;7;2004;11;18;09;38.771;75.159;268.997
4;1;7;2004;11;18;10;36.875;75.257;241.579
4;1;7;2004;11;18;11;35.694;75.255;244.952
1;1;8;2004;11;23;04;37.403;72.220;150.401
1;1;8;2004;11;23;05;37.912;72.248;169.342
1;1;8;2004;11;23;06;38.644;72.102;152.101
1;1;8;2004;11;23;07;38.914;71.855;148.222
1;1;8;2004;11;23;08;39.711;71.980;126.041
1;1;8;2004;11;23;09;40.617;71.717;146.935
1;1;8;2004;11;23;10;40.546;71.577;170.173
1;1;8;2004;11;23;11;41.732;71.487;175.250
1;1;8;2004;11;23;12;43.161;71.349;154.748
1;1;8;2004;11;23;13;44.730;71.054;167.802
1;1;8;2004;11;23;14;45.738;71.282;156.125
1;1;8;2004;11;23;15;46.619;71.195;150.400
6;1;9;2004;12;10;15;-1.626;61.066;162.442
6;1;9;2004;12;10;16;0.015;61.184;125.374
6;1;9;2004;12;10;17;0.988;61.121;105.139
6;1;9;2004;12;10;18;2.348;61.488;85.047
6;1;9;2004;12;10;19;3.580;62.404;129.590
6;1;9;2004;12;10;20;3.191;62.864;302.396
6;1;9;2004;12;10;21;5.116;63.330;127.030
3;2;10;2004;12;18;05;4.914;70.389;175.693
3;2;10;2004;12;18;06;4.841;70.189;172.423
3;2;10;2004;12;18;07;3.304;69.850;138.756
3;2;10;2004;12;18;08;3.834;70.033;176.402
3;2;10;2004;12;18;09;3.707;69.907;195.599
3;2;10;2004;12;18;10;3.690;69.799;211.312
3;2;10;2004;12;18;11;3.814;69.597;191.439
3;2;10;2004;12;18;12;4.082;69.310;215.576
3;2;10;2004;12;18;13;5.061;69.226;263.136
3;2;10;2004;12;18;14;5.479;68.795;258.559
3;2;10;2004;12;18;15;5.952;68.450;277.340
3;2;10;2004;12;18;16;7.095;68.254;261.227
3;2;10;2004;12;18;17;7.359;67.892;258.612
3;2;10;2004;12;18;18;8.221;67.772;229.830
3;2;10;2004;12;18;19;8.432;67.591;239.879
3;2;10;2004;12;18;20;12.692;67.476;176.852
3;2;10;2004;12;18;21;13.428;67.344;167.830
3;2;10;2004;12;18;22;14.037;67.258;150.125
3;2;10;2004;12;18;23;14.064;67.177;136.989
3;2;10;2004;12;19;00;14.420;67.223;153.642
3;2;10;2004;12;19;01;14.711;67.232;155.498
3;2;10;2004;12;19;02;15.555;67.277;142.044
3;2;10;2004;12;19;03;16.121;67.249;187.406
3;2;10;2004;12;19;04;15.909;67.161;155.775
3;2;10;2004;12;19;05;16.330;67.567;146.332
3;1;11;2005;01;23;10;14.260;67.694;173.821
3;1;11;2005;01;23;11;13.943;67.238;192.634
3;1;11;2005;01;23;12;14.155;66.978;254.443
3;1;11;2005;01;23;13;14.521;66.496;199.367
3;1;11;2005;01;23;14;14.529;66.674;182.359
3;1;11;2005;01;23;15;14.635;66.851;134.789
3;1;11;2005;01;23;16;14.888;66.792;157.250
3;1;11;2005;01;23;17;14.512;66.772;143.698
3;1;11;2005;01;23;18;14.588;66.524;138.040
3;1;11;2005;01;23;19;14.607;66.678;119.948
3;1;11;2005;01;23;20;14.246;66.711;123.301
3;1;11;2005;01;23;21;14.612;66.436;126.139
6;1;12;2005;03;15;06;7.372;71.078;195.676
6;1;12;2005;03;15;07;7.088;71.055;186.947
6;1;12;2005;03;15;08;7.330;70.598;258.533
6;1;12;2005;03;15;09;6.829;71.126;208.880
6;1;12;2005;03;15;10;5.808;70.506;223.575
6;1;12;2005;03;15;11;6.636;70.617;218.054
6;1;12;2005;03;15;12;7.897;71.229;176.098
6;1;12;2005;03;15;13;6.400;71.181;236.827
6;1;12;2005;03;15;14;6.768;71.236;219.903
6;1;12;2005;03;15;15;6.920;70.940;244.706
6;1;12;2005;03;15;16;6.421;71.014;214.273
6;1;12;2005;03;15;17;5.604;71.296;232.221
6;1;12;2005;03;15;18;4.798;71.335;270.834
1;2;13;2005;03;17;07;44.974;70.747;172.715
1;2;13;2005;03;17;08;44.399;70.637;136.947
1;2;13;2005;03;17;09;44.651;70.601;140.855
1;2;13;2005;03;17;10;42.984;70.311;161.290
1;2;13;2005;03;17;11;41.752;69.898;227.528
1;2;13;2005;03;17;12;42.582;70.233;176.709
1;2;13;2005;03;17;13;41.108;69.958;212.627
1;2;13;2005;03;17;14;40.541;69.437;186.231
1;2;13;2005;03;17;15;41.696;69.781;171.645
1;2;13;2005;03;17;16;41.841;69.823;210.938
1;2;13;2005;03;17;17;41.794;69.680;177.156
1;2;13;2005;03;17;18;41.432;69.336;166.978
1;2;13;2005;03;17;19;40.328;68.944;175.535
1;2;13;2005;03;17;20;39.060;68.802;134.324
1;2;13;2005;03;17;21;39.414;68.778;144.698
3;1;14;2005;03;07;03;19.114;72.599;274.089
3;1;14;2005;03;07;04;19.932;72.527;273.898
3;1;14;2005;03;07;05;19.740;72.016;281.078
3;1;14;2005;03;07;06;19.758;71.962;276.066
3;1;14;2005;03;07;07;19.889;71.726;234.675
3;1;14;2005;03;07;08;20.479;71.642;160.217
3;1;14;2005;03;07;09;19.866;71.114;128.134
3;1;14;2005;03;07;10;19.347;71.029;113.216
3;1;15;2005;03;07;04;29.131;74.173;210.994
3;1;15;2005;03;07;05;28.908;74.454;187.081
3;1;15;2005;03;07;06;29.081;74.277;207.646
3;1;15;2005;03;07;07;28.075;73.817;218.215
3;1;15;2005;03;07;08;27.701;73.429;212.199
1;1;16;2005;11;23;16;12.055;71.228;125.605
1;1;16;2005;11;23;17;13.276;72.095;144.380
1;1;16;2005;11;23;18;13.614;71.657;139.760
1;1;16;2005;11;23;19;15.215;71.839;119.984
1;1;16;2005;11;23;20;16.412;71.959;113.743
1;1;16;2005;11;23;21;18.063;72.264;184.671
1;1;16;2005;11;23;22;20.071;72.316;134.524
3;1;17;2005;11;29;16;6.452;65.988;157.362
3;1;17;2005;11;29;17;5.827;65.979;166.789
3;1;17;2005;11;29;18;5.791;65.803;169.802
3;1;17;2005;11;29;19;6.159;65.495;172.716
3;1;17;2005;11;29;20;6.079;65.151;178.469
3;1;17;2005;11;29;21;6.305;64.936;201.325
3;1;17;2005;11;29;22;6.563;64.926;196.174
3;1;17;2005;11;29;23;6.810;64.379;201.865
3;1;17;2005;11;30;00;6.615;64.302;202.759
3;1;17;2005;11;30;01;6.830;64.114;191.526
3;1;17;2005;11;30;02;7.140;63.773;174.649
3;1;17;2005;11;30;03;7.177;63.652;173.328
3;1;17;2005;11;30;04;6.953;63.575;134.936
3;1;17;2005;11;30;05;7.115;63.419;134.998
1;3;18;2006;03;03;11;6.432;73.237;167.241
1;3;18;2006;03;03;12;5.832;72.866;201.230
1;3;18;2006;03;03;13;5.318;72.622;199.408
1;3;18;2006;03;03;14;6.118;72.832;213.330
1;3;18;2006;03;03;15;6.499;72.617;167.606
1;3;18;2006;03;03;16;5.836;72.432;208.884
1;3;18;2006;03;03;17;5.363;72.032;218.552
1;3;18;2006;03;03;18;4.055;71.794;166.618
1;3;19;2006;03;04;02;6.578;70.044;186.035
1;3;19;2006;03;04;03;6.548;69.990;157.572
2;2;20;2006;03;04;10;15.552;72.119;177.909
2;2;20;2006;03;04;11;16.589;72.249;145.643
2;2;20;2006;03;04;12;18.355;72.797;249.738
2;2;20;2006;03;04;13;18.137;72.878;164.096
2;2;20;2006;03;04;14;18.602;73.021;233.986
2;2;20;2006;03;04;15;19.879;73.211;269.478
2;2;20;2006;03;04;16;20.570;73.360;248.240
2;2;20;2006;03;04;17;19.708;73.412;244.406
2;2;20;2006;03;04;18;20.216;73.486;262.524
2;2;20;2006;03;04;19;20.487;73.523;275.193
2;2;20;2006;03;04;20;21.491;73.545;280.474
2;2;20;2006;03;04;21;21.347;73.405;237.003
2;2;20;2006;03;04;22;23.635;73.834;151.967
2;2;20;2006;03;04;23;23.169;73.960;184.174
2;2;20;2006;03;05;00;23.331;74.293;225.074
2;2;20;2006;03;05;01;24.114;74.427;208.607
2;2;20;2006;03;05;02;24.674;74.267;251.187
2;2;20;2006;03;05;03;25.646;74.412;258.276
2;2;20;2006;03;05;04;25.155;74.300;253.498
2;2;20;2006;03;05;05;26.274;74.638;267.888
2;2;20;2006;03;05;06;27.348;74.542;273.432
2;2;20;2006;03;05;07;27.868;75.158;218.456
2;2;20;2006;03;05;08;27.735;75.269;165.409
2;2;20;2006;03;05;09;28.670;75.611;165.370
2;2;20;2006;03;05;10;27.909;75.651;130.515
2;2;20;2006;03;05;11;30.521;75.999;184.047
2;2;20;2006;03;05;12;30.227;76.248;138.058
2;2;20;2006;03;05;13;31.043;76.720;116.357
2;1;21;2006;03;06;03;2.644;70.403;328.546
2;1;21;2006;03;06;04;3.686;70.139;349.842
2;1;21;2006;03;06;05;4.022;69.851;304.190
2;1;21;2006;03;06;06;4.557;69.741;223.391
2;1;21;2006;03;06;07;5.561;69.124;252.170
2;1;21;2006;03;06;08;5.521;68.975;261.646
2;1;21;2006;03;06;09;5.487;68.970;272.726
2;1;21;2006;03;06;10;8.729;68.654;254.306
2;1;21;2006;03;06;11;7.517;68.465;256.584
2;1;21;2006;03;06;12;7.519;68.308;267.690
1;1;22;2007;01;22;17;2.751;75.600;255.969
1;1;22;2007;01;22;18;3.281;75.169;232.652
1;1;22;2007;01;22;19;3.024;75.023;239.278
1;1;22;2007;01;22;20;3.235;74.967;226.832
1;1;22;2007;01;22;21;4.033;74.736;212.788
1;1;22;2007;01;22;22;2.927;74.685;199.165
1;1;22;2007;01;22;23;2.503;74.478;171.666
1;1;22;2007;01;23;00;3.010;74.204;192.419
1;1;22;2007;01;23;01;3.026;74.061;165.686
1;1;22;2007;01;23;02;3.003;73.971;179.712
1;1;22;2007;01;23;03;3.061;73.825;182.268
1;1;22;2007;01;23;04;3.143;73.590;168.318
1;1;22;2007;01;23;05;3.565;73.672;173.883
1;1;22;2007;01;23;06;3.366;73.555;176.948
1;1;22;2007;01;23;07;3.771;73.224;194.638
1;1;22;2007;01;23;08;3.959;73.077;176.335
1;1;22;2007;01;23;09;2.829;73.219;143.591
1;1;22;2007;01;23;10;2.395;73.071;174.814
1;1;22;2007;01;23;11;2.031;73.044;182.695
2;1;23;2007;02;05;00;3.846;65.899;131.477
2;1;23;2007;02;05;01;3.554;65.821;106.477
2;1;23;2007;02;05;02;3.910;65.341;106.421
2;1;23;2007;02;05;03;3.049;64.541;121.569
2;1;23;2007;02;05;04;3.706;64.348;121.573
2;1;23;2007;02;05;05;2.811;63.067;143.531
2;1;23;2007;02;05;06;2.827;62.628;111.503
2;1;23;2007;02;05;07;2.293;61.719;172.031
2;1;23;2007;02;05;08;2.685;62.927;149.087
1;3;24;2007;04;06;00;9.665;73.529;233.771
1;3;24;2007;04;06;01;9.288;73.149;187.179
1;3;24;2007;04;06;02;9.277;72.973;167.329
1;3;24;2007;04;06;03;8.683;72.731;199.422
1;3;24;2007;04;06;04;7.779;72.274;198.515
1;3;24;2007;04;06;05;9.189;71.864;228.035
1;3;24;2007;04;06;06;11.481;71.647;224.692
1;3;24;2007;04;06;07;10.642;71.244;295.059
1;3;24;2007;04;06;08;10.187;70.887;314.826
1;3;24;2007;04;06;09;11.518;70.582;296.817
1;3;24;2007;04;06;10;11.782;70.239;279.576
1;3;24;2007;04;06;11;13.096;69.957;310.551
1;3;24;2007;04;06;12;14.283;69.823;313.485
1;3;24;2007;04;06;13;13.715;69.243;304.951
1;3;24;2007;04;06;14;14.302;69.564;273.891
1;3;24;2007;04;06;15;12.916;69.431;148.433
1;3;24;2007;04;06;16;13.796;69.337;134.510
1;3;24;2007;04;06;17;15.669;69.046;194.678
1;3;24;2007;04;06;18;15.779;68.857;180.544
1;3;24;2007;04;06;19;18.574;68.381;290.949
1;3;24;2007;04;06;20;19.262;68.412;209.869
1;3;24;2007;04;06;21;20.376;68.012;268.902
1;3;24;2007;04;06;22;21.184;67.540;237.242
1;3;25;2007;04;29;04;26.198;70.174;320.480
1;3;25;2007;04;29;05;25.721;69.785;257.342
1;3;25;2007;04;29;06;25.654;69.138;226.327
1;3;25;2007;04;29;07;26.730;68.264;227.283
1;3;25;2007;04;29;08;27.660;67.728;222.791
1;3;25;2007;04;29;09;27.261;67.079;240.231
5;1;26;2007;09;03;06;2.418;60.149;160.621
5;1;26;2007;09;03;07;2.270;59.829;161.829
5;1;26;2007;09;03;08;2.423;59.585;183.330
6;1;27;2008;01;25;10;0.808;66.092;179.741
6;1;27;2008;01;25;11;1.927;66.156;187.418
6;1;27;2008;01;25;12;3.430;66.017;151.109
6;1;27;2008;01;25;13;4.264;66.322;169.769
6;1;27;2008;01;25;14;5.218;66.209;193.148
6;1;27;2008;01;25;15;6.432;66.287;179.105
6;1;27;2008;01;25;16;7.413;66.216;199.918
6;1;27;2008;01;25;17;8.268;66.211;213.125
6;1;27;2008;01;25;18;9.613;66.346;178.419
6;1;27;2008;01;25;19;9.773;66.970;158.828
6;1;27;2008;01;25;20;10.831;67.134;158.324
6;1;27;2008;01;25;21;12.025;67.238;156.300
3;3;28;2008;01;31;00;12.654;72.641;455.939
3;3;28;2008;01;31;01;12.316;72.427;444.906
3;3;28;2008;01;31;02;12.198;72.363;490.458
3;3;28;2008;01;31;03;12.596;72.288;449.896
3;3;28;2008;01;31;04;11.823;71.958;515.177
3;3;28;2008;01;31;05;11.720;71.719;429.381
3;3;28;2008;01;31;06;10.924;72.073;391.623
3;3;28;2008;01;31;07;10.624;72.200;295.315
3;3;28;2008;01;31;08;10.347;72.558;457.929
3;3;28;2008;01;31;09;10.691;72.277;451.730
3;3;28;2008;01;31;10;10.529;72.278;451.867
3;3;28;2008;01;31;11;9.400;72.447;469.890
3;3;28;2008;01;31;12;10.464;71.978;550.199
3;3;28;2008;01;31;13;9.600;72.110;476.087
3;3;28;2008;01;31;14;9.634;72.104;478.343
3;3;28;2008;01;31;15;10.421;72.276;541.078
3;2;29;2008;02;15;01;34.257;66.063;314.153
3;2;29;2008;02;15;02;34.775;65.665;291.447
3;2;29;2008;02;15;03;35.125;65.202;288.704
3;2;29;2008;02;15;04;35.019;65.166;203.192
3;2;29;2008;02;15;05;35.210;64.759;192.406
1;1;30;2008;03;01;18;3.997;78.380;173.009
1;1;30;2008;03;01;19;2.436;78.548;127.709
1;1;30;2008;03;01;20;-1.382;77.398;205.135
1;1;30;2008;03;01;21;-1.164;77.533;225.281
1;1;30;2008;03;01;22;-0.475;77.168;240.356
1;1;30;2008;03;01;23;0.112;76.631;145.997
1;1;30;2008;03;02;00;-1.269;77.184;161.050
1;1;30;2008;03;02;01;-0.494;77.136;194.511
1;1;30;2008;03;02;02;-1.476;76.987;192.030
1;1;30;2008;03;02;03;-2.665;77.033;175.502
1;1;30;2008;03;02;04;-1.765;76.543;266.749
1;1;30;2008;03;02;05;-2.966;76.529;257.130
1;1;30;2008;03;02;06;-1.775;76.685;321.100
3;1;31;2008;03;01;18;1.725;70.158;189.817
3;1;31;2008;03;01;19;1.249;69.834;226.913
3;1;31;2008;03;01;20;2.604;69.727;346.610
3;1;31;2008;03;01;21;2.216;69.459;384.670
3;1;31;2008;03;01;22;1.424;69.256;321.786
3;1;31;2008;03;01;23;2.410;69.579;274.620
3;3;32;2008;03;02;17;-5.345;73.919;183.301
3;3;32;2008;03;02;18;-5.561;73.525;168.251
3;3;32;2008;03;02;19;-5.265;73.307;190.956
3;3;32;2008;03;02;20;-5.416;73.185;167.871
3;3;32;2008;03;02;21;-6.154;72.909;174.705
3;3;32;2008;03;02;22;-5.838;72.716;179.059
3;3;32;2008;03;02;23;-6.085;72.250;166.063
3;3;32;2008;03;03;00;-6.758;72.229;177.985
3;3;32;2008;03;03;01;-6.386;71.946;172.351
3;3;32;2008;03;03;02;-6.662;71.863;180.777
3;3;32;2008;03;03;03;-6.214;71.513;183.767
3;3;32;2008;03;03;04;-6.819;71.987;159.909
3;1;33;2008;03;02;15;-1.296;76.963;163.300
3;1;33;2008;03;02;16;-2.359;76.673;121.633
3;1;33;2008;03;02;17;-2.145;76.627;144.929
3;1;33;2008;03;02;18;-0.399;76.625;128.886
3;1;33;2008;03;02;19;-1.376;76.304;193.129
3;1;33;2008;03;02;20;-2.569;76.047;138.651
3;1;33;2008;03;02;21;-3.187;75.750;170.302
3;1;33;2008;03;02;22;-3.542;75.396;146.685
3;1;33;2008;03;02;23;-3.494;75.352;132.478
3;1;33;2008;03;03;00;-3.651;75.127;159.578
3;1;33;2008;03;03;01;-3.558;74.866;144.867
3;1;34;2008;03;04;03;2.777;68.749;389.393
3;1;34;2008;03;04;04;3.704;69.039;422.067
3;1;34;2008;03;04;05;4.032;68.814;411.916
3;1;34;2008;03;04;06;4.472;68.362;402.934
3;1;34;2008;03;04;07;5.107;68.007;434.441
3;1;34;2008;03;04;08;5.364;67.732;460.125
3;1;34;2008;03;04;09;5.426;67.499;544.724
3;1;34;2008;03;04;10;5.470;67.356;499.855
3;1;34;2008;03;04;11;6.567;67.411;475.589
3;1;34;2008;03;04;12;8.130;67.815;430.029
3;1;34;2008;03;04;13;8.319;67.622;386.325
3;1;34;2008;03;04;14;8.779;67.283;341.817
3;1;34;2008;03;04;15;9.318;66.853;382.648
3;1;34;2008;03;04;16;9.995;66.273;334.631
3;1;34;2008;03;04;17;10.306;66.137;461.575
3;1;34;2008;03;04;18;10.446;65.909;450.505
3;1;34;2008;03;04;19;10.005;65.497;384.310
3;1;34;2008;03;04;20;10.537;65.361;391.692
3;1;34;2008;03;04;21;10.898;65.272;264.354
6;3;35;2008;03;16;08;10.140;70.313;245.284
6;3;35;2008;03;16;09;10.147;70.251;253.812
6;3;35;2008;03;16;10;9.632;70.258;239.938
6;3;35;2008;03;16;11;10.765;70.236;222.169
6;3;35;2008;03;16;12;10.111;70.337;328.943
6;3;35;2008;03;16;13;10.029;70.132;336.895
6;3;35;2008;03;16;14;9.992;70.007;406.310
6;3;35;2008;03;16;15;9.698;69.767;389.592
6;3;35;2008;03;16;16;8.417;69.817;443.661
6;3;35;2008;03;16;17;7.636;69.785;374.988
6;3;35;2008;03;16;18;7.721;69.690;388.862
6;3;35;2008;03;16;19;7.052;69.519;421.039
6;3;35;2008;03;16;20;6.790;69.304;490.182
6;3;35;2008;03;16;21;7.514;68.970;490.910
6;3;35;2008;03;16;22;8.320;68.519;509.798
6;3;35;2008;03;16;23;8.411;68.736;479.064
6;3;35;2008;03;17;00;6.315;68.651;432.674
6;3;35;2008;03;17;01;6.180;68.446;436.458
6;3;35;2008;03;17;02;6.728;68.281;484.179
6;3;35;2008;03;17;03;7.460;67.566;428.493
6;3;35;2008;03;17;04;7.358;67.618;510.418
6;3;35;2008;03;17;05;7.367;67.329;407.565
6;3;35;2008;03;17;06;7.727;67.051;368.747
6;3;35;2008;03;17;07;7.799;66.703;360.947
6;3;35;2008;03;17;08;6.296;66.599;376.471
6;3;35;2008;03;17;09;6.808;66.613;367.781
6;3;35;2008;03;17;10;6.554;66.373;312.142
6;3;35;2008;03;17;11;8.019;65.740;386.749
6;3;35;2008;03;17;12;7.031;65.187;292.848
6;3;35;2008;03;17;13;7.645;64.791;343.391
6;3;35;2008;03;17;14;8.340;64.438;377.392
6;3;35;2008;03;17;15;8.939;64.265;407.631
6;3;35;2008;03;17;16;7.959;63.814;389.858
6;3;35;2008;03;17;17;9.621;63.720;393.604
6;3;35;2008;03;17;18;9.748;63.175;436.899
6;3;35;2008;03;17;19;9.570;63.017;397.763
6;3;35;2008;03;17;20;10.092;62.398;406.028
6;3;35;2008;03;17;21;10.725;62.606;410.526
6;1;36;2008;03;18;11;35.560;73.840;356.316
6;1;36;2008;03;18;12;34.905;74.450;320.094
6;1;36;2008;03;18;13;35.398;74.430;327.245
6;1;36;2008;03;18;14;34.464;74.527;375.963
6;1;36;2008;03;18;15;35.386;74.400;410.954
6;1;36;2008;03;18;16;35.533;74.395;338.120
6;1;36;2008;03;18;17;36.421;74.445;285.032
2;1;37;2008;03;20;00;39.245;71.294;163.627
2;1;37;2008;03;20;01;39.243;71.285;195.454
2;1;37;2008;03;20;02;39.586;71.241;191.678
2;1;37;2008;03;20;03;40.811;71.041;222.427
2;1;37;2008;03;20;04;42.826;70.754;309.930
2;1;37;2008;03;20;05;44.220;70.621;241.713
2;1;37;2008;03;20;06;44.456;71.182;268.031
2;1;37;2008;03;20;07;45.723;71.007;237.229
2;1;37;2008;03;20;08;46.102;71.012;233.585
2;1;37;2008;03;20;09;47.157;71.168;207.791
2;1;37;2008;03;20;10;48.888;71.438;188.817
2;1;37;2008;03;20;11;48.398;71.148;201.165
1;3;38;2008;04;04;00;2.447;72.245;243.438
1;3;38;2008;04;04;01;0.985;72.109;303.999
1;3;38;2008;04;04;02;1.644;72.182;211.319
1;3;38;2008;04;04;03;2.380;71.856;353.135
1;3;38;2008;04;04;04;3.171;71.892;363.730
1;3;38;2008;04;04;05;3.594;71.977;311.017
1;3;38;2008;04;04;06;3.980;71.845;317.454
1;3;38;2008;04;04;07;2.072;71.975;260.046
1;3;38;2008;04;04;08;1.903;71.596;333.575
1;3;38;2008;04;04;09;1.890;71.651;330.321
1;3;38;2008;04;04;10;1.398;71.698;364.114
1;3;38;2008;04;04;11;1.492;71.419;366.415
1;3;38;2008;04;04;12;1.539;71.472;294.447
1;3;38;2008;04;04;13;1.690;71.362;408.424
1;3;38;2008;04;04;14;0.798;71.129;372.439
1;3;38;2008;04;04;15;0.700;70.996;382.068
1;3;38;2008;04;04;16;0.280;70.882;409.411
2;3;39;2008;04;24;10;43.103;71.695;224.792
2;3;39;2008;04;24;11;42.410;71.220;240.111
2;3;39;2008;04;24;12;43.232;71.149;288.100
2;3;39;2008;04;24;13;43.122;71.023;326.845
2;3;39;2008;04;24;14;43.017;70.372;331.501
2;3;39;2008;04;24;15;44.051;70.086;323.781
2;3;39;2008;04;24;16;44.155;69.774;352.649
2;3;39;2008;04;24;17;44.818;69.487;381.561
2;3;39;2008;04;24;18;45.116;69.352;416.568
2;3;39;2008;04;24;19;46.116;69.179;401.830
2;3;39;2008;04;24;20;47.607;69.010;434.737
2;3;39;2008;04;24;21;48.469;69.253;443.035
2;3;39;2008;04;24;22;49.402;68.927;416.047
2;3;39;2008;04;24;23;50.565;68.939;416.295
3;3;40;2008;10;27;18;-5.251;66.944;378.505
3;3;40;2008;10;27;19;-5.525;66.432;389.933
3;3;40;2008;10;27;20;-4.024;65.660;371.925
3;3;40;2008;10;27;21;-4.786;65.156;417.548
3;3;40;2008;10;27;22;-4.403;64.783;376.580
3;3;40;2008;10;27;23;-5.390;64.167;515.719
3;3;40;2008;10;28;00;-2.321;64.174;365.689
3;3;40;2008;10;28;01;-0.581;64.407;426.027
3;3;40;2008;10;28;02;-2.039;63.251;335.493
3;3;40;2008;10;28;03;-1.894;62.977;329.712
3;3;40;2008;10;28;04;-1.103;62.995;290.417
3;3;40;2008;10;28;05;-0.572;62.666;294.290
3;3;40;2008;10;28;06;-0.102;62.678;229.198
3;3;40;2008;10;28;07;0.833;61.914;392.624
3;3;40;2008;10;28;08;0.735;61.659;436.696
3;3;40;2008;10;28;09;0.486;61.408;414.736
3;1;41;2008;10;27;16;8.184;68.241;316.803
3;1;41;2008;10;27;17;8.176;68.376;348.900
3;1;41;2008;10;27;18;8.511;68.231;308.967
3;1;41;2008;10;27;19;10.214;68.185;222.964
3;1;41;2008;10;27;20;10.468;68.201;242.565
3;1;41;2008;10;27;21;10.041;68.380;232.707
3;1;41;2008;10;27;22;9.438;68.138;212.621
3;1;41;2008;10;27;23;9.779;68.173;298.099
3;1;41;2008;10;28;00;9.003;67.877;221.701
3;1;41;2008;10;28;01;9.437;67.911;227.793
3;1;41;2008;10;28;02;9.796;67.622;237.477
3;1;41;2008;10;28;03;9.689;67.867;218.578
3;1;41;2008;10;28;04;10.713;67.818;249.510
3;1;41;2008;10;28;05;10.640;67.614;207.706
3;1;41;2008;10;28;06;10.776;67.725;195.994
3;1;41;2008;10;28;07;11.127;67.912;159.345
6;1;42;2008;11;17;08;25.251;74.185;234.780
6;1;42;2008;11;17;09;26.379;74.119;238.596
6;1;42;2008;11;17;10;26.136;74.202;300.928
6;1;42;2008;11;17;11;27.597;74.029;280.145
6;1;42;2008;11;17;12;27.106;74.272;214.578
6;1;42;2008;11;17;13;27.989;74.261;256.515
6;1;42;2008;11;17;14;27.599;74.330;281.387
6;1;42;2008;11;17;15;28.360;74.179;279.571
6;1;42;2008;11;17;16;28.647;74.187;267.955
6;1;42;2008;11;17;17;28.900;74.499;267.934
6;1;42;2008;11;17;18;28.815;74.322;253.229
6;1;42;2008;11;17;19;30.449;74.532;252.677
6;1;42;2008;11;17;20;31.097;74.731;230.215
6;1;42;2008;11;17;21;31.184;74.965;231.047
6;1;42;2008;11;17;22;30.495;74.951;221.103
6;1;42;2008;11;17;23;30.227;74.868;231.350
6;1;42;2008;11;18;00;31.631;75.022;223.362
6;1;42;2008;11;18;01;30.143;75.189;219.459
6;1;42;2008;11;18;02;31.160;75.622;212.275
6;1;42;2008;11;18;03;30.310;75.577;195.385
1;1;43;2008;11;18;10;3.574;73.649;134.892
1;1;43;2008;11;18;11;2.734;74.164;93.682
1;1;43;2008;11;18;12;2.714;74.034;170.301
1;1;43;2008;11;18;13;2.886;73.863;134.926
1;1;43;2008;11;18;14;2.142;73.839;152.819
1;1;43;2008;11;18;15;2.601;73.047;194.804
1;1;43;2008;11;18;16;2.231;72.873;258.838
1;1;43;2008;11;18;17;2.667;72.601;286.033
1;1;43;2008;11;18;18;2.261;72.198;236.577
1;1;43;2008;11;18;19;2.231;72.279;277.269
1;1;43;2008;11;18;20;2.669;72.264;249.351
1;1;43;2008;11;18;21;1.196;72.317;190.579
1;1;43;2008;11;18;22;0.989;72.323;168.496
1;1;43;2008;11;18;23;1.568;72.024;177.052
1;1;43;2008;11;19;00;1.887;71.415;268.915
1;1;43;2008;11;19;01;1.748;71.406;203.273
1;1;43;2008;11;19;02;1.441;71.351;186.528
2;1;44;2008;11;20;01;5.410;67.578;342.192
2;1;44;2008;11;20;02;5.587;67.867;277.216
2;1;44;2008;11;20;03;6.270;67.895;328.114
2;1;44;2008;11;20;04;6.807;67.571;322.944
2;1;44;2008;11;20;05;7.698;67.617;304.325
2;1;44;2008;11;20;06;8.453;67.223;282.615
2;1;44;2008;11;20;07;8.780;66.955;291.222
2;1;44;2008;11;20;08;10.001;66.915;259.190
2;1;44;2008;11;20;09;9.448;66.701;275.790
2;1;44;2008;11;20;10;10.599;66.641;336.263
2;1;44;2008;11;20;11;11.714;66.263;319.380
2;1;44;2008;11;20;12;11.809;66.020;281.374
3;1;45;2008;11;28;10;0.237;68.295;177.595
3;1;45;2008;11;28;11;0.695;67.766;185.644
3;1;45;2008;11;28;12;0.890;67.320;231.026
3;1;45;2008;11;28;13;0.722;67.702;159.399
1;1;46;2008;11;29;14;4.745;71.226;152.600
1;1;46;2008;11;29;15;6.386;70.766;214.771
1;1;46;2008;11;29;16;7.387;70.816;189.902
1;1;46;2008;11;29;17;8.615;70.733;177.855
1;1;46;2008;11;29;18;8.262;70.832;223.108
1;1;46;2008;11;29;19;9.391;71.103;212.452
1;1;46;2008;11;29;20;9.041;71.116;193.176
1;1;47;2008;11;29;16;0.927;71.220;134.103
1;1;47;2008;11;29;17;0.823;70.950;167.967
1;1;47;2008;11;29;18;2.170;70.973;162.383
1;1;47;2008;11;29;19;3.448;71.038;172.919
1;1;47;2008;11;29;20;3.696;70.804;131.760
1;1;48;2009;01;07;02;30.214;71.686;165.283
1;1;48;2009;01;07;03;29.886;71.805;168.082
1;1;48;2009;01;07;04;29.251;71.806;177.768
1;1;48;2009;01;07;05;29.042;71.681;159.105
1;1;48;2009;01;07;06;28.815;70.986;239.579
1;1;48;2009;01;07;07;29.015;71.026;171.533
1;1;48;2009;01;07;08;28.327;71.041;167.455
1;1;48;2009;01;07;09;29.008;70.825;183.762
1;3;49;2009;02;05;01;-0.462;71.478;187.091
1;3;49;2009;02;05;02;-1.554;71.088;193.540
1;3;49;2009;02;05;03;-2.449;70.968;172.646
1;3;49;2009;02;05;04;-3.226;70.754;180.569
1;3;49;2009;02;05;05;-4.177;70.587;180.144
1;3;49;2009;02;05;06;-5.537;70.530;151.986
1;3;49;2009;02;05;07;-5.579;69.941;177.776
1;3;49;2009;02;05;08;-6.113;69.563;205.145
1;3;49;2009;02;05;09;-6.140;69.323;226.596
6;3;50;2009;02;05;20;39.323;69.120;162.058
6;3;50;2009;02;05;21;39.450;69.083;174.778
6;3;50;2009;02;05;22;39.183;68.902;161.870
1;1;51;2009;02;07;17;40.904;76.264;222.885
1;1;51;2009;02;07;18;39.804;75.987;193.858
1;1;51;2009;02;07;19;38.980;75.860;241.376
1;1;51;2009;02;07;20;38.915;75.796;238.848
1;1;51;2009;02;07;21;37.902;75.515;204.854
1;1;51;2009;02;07;22;37.321;75.203;254.150
1;1;51;2009;02;07;23;34.225;75.260;160.130
1;1;51;2009;02;08;00;33.268;75.204;158.005
4;1;52;2009;02;26;15;13.939;69.808;171.444
4;1;52;2009;02;26;16;14.470;69.673;173.383
4;1;52;2009;02;26;17;13.995;69.504;261.233
4;1;52;2009;02;26;18;14.509;69.578;242.024
4;1;52;2009;02;26;19;13.970;69.292;272.138
4;1;52;2009;02;26;20;14.930;69.088;279.800
4;1;52;2009;02;26;21;14.011;69.133;260.429
4;1;52;2009;02;26;22;13.631;69.437;204.497
4;1;52;2009;02;26;23;14.511;69.510;271.252
4;1;52;2009;02;27;00;13.969;69.219;236.578
4;1;52;2009;02;27;01;13.639;69.097;227.407
4;1;52;2009;02;27;02;14.076;68.987;254.593
4;1;52;2009;02;27;03;13.877;68.810;302.252
4;1;52;2009;02;27;04;13.165;68.373;236.781
4;1;52;2009;02;27;05;13.304;68.343;183.490
4;1;52;2009;02;27;06;12.787;68.093;154.527
4;1;52;2009;02;27;07;12.979;68.137;162.593
4;1;52;2009;02;27;08;12.341;67.827;198.941
4;1;52;2009;02;27;09;11.740;67.430;216.997
4;1;52;2009;02;27;10;11.909;67.474;180.850
4;1;52;2009;02;27;11;11.580;67.295;248.596
4;1;52;2009;02;27;12;11.087;66.943;166.357
4;1;52;2009;02;27;13;11.186;66.786;216.975
4;1;52;2009;02;27;14;11.288;66.838;227.952
1;3;53;2009;02;27;16;30.041;72.215;185.613
1;3;53;2009;02;27;17;30.511;72.044;178.154
1;3;53;2009;02;27;18;30.736;71.935;176.387
1;3;53;2009;02;27;19;31.933;71.730;217.971
1;3;53;2009;02;27;20;30.619;71.771;269.513
1;3;53;2009;02;27;21;32.050;71.607;238.069
1;3;53;2009;02;27;22;32.689;71.405;227.396
1;3;53;2009;02;27;23;32.964;71.443;263.730
1;3;53;2009;02;28;00;33.844;71.252;247.910
1;3;53;2009;02;28;01;34.018;71.049;294.107
1;3;53;2009;02;28;02;34.850;71.397;257.727
1;3;53;2009;02;28;03;35.241;70.831;319.400
1;3;53;2009;02;28;04;36.132;71.166;335.244
1;3;53;2009;02;28;05;37.760;71.181;342.087
1;3;53;2009;02;28;06;37.709;71.410;336.509
1;3;53;2009;02;28;07;38.277;71.398;298.481
1;3;53;2009;02;28;08;38.955;71.346;294.556
1;3;53;2009;02;28;09;38.633;71.496;249.779
1;3;53;2009;02;28;10;39.621;71.341;317.929
1;3;53;2009;02;28;11;39.030;71.362;236.764
1;3;53;2009;02;28;12;39.259;71.309;229.237
1;3;53;2009;02;28;13;39.212;71.369;182.756
1;3;53;2009;02;28;14;40.771;70.831;209.451
1;3;53;2009;02;28;15;41.226;70.704;258.802
1;3;53;2009;02;28;16;41.844;70.844;231.449
1;3;53;2009;02;28;17;42.058;71.017;220.926
1;1;54;2009;04;02;09;33.465;70.677;259.906
1;1;54;2009;04;02;10;32.105;69.484;305.510
1;1;54;2009;04;02;11;32.967;69.457;297.796
1;1;54;2009;04;02;12;33.916;69.156;271.524
1;1;54;2009;04;02;13;33.604;69.064;392.245
1;1;54;2009;04;02;14;34.050;68.881;318.223
2;3;55;2009;04;04;00;26.754;74.468;155.300
2;3;55;2009;04;04;01;27.172;74.314;168.965
2;3;55;2009;04;04;02;28.203;74.180;157.086
2;3;55;2009;04;04;03;29.243;73.940;214.627
2;3;55;2009;04;04;04;30.544;73.814;207.036
2;3;55;2009;04;04;05;30.698;73.879;199.729
2;3;55;2009;04;04;06;31.932;73.361;231.375
3;1;56;2009;04;05;06;23.731;72.088;251.863
3;1;56;2009;04;05;07;24.428;72.069;225.189
3;1;56;2009;04;05;08;24.391;72.035;228.860
3;1;56;2009;04;05;09;24.035;71.671;292.411
3;1;56;2009;04;05;10;24.737;71.402;278.791
3;1;56;2009;04;05;11;25.738;71.073;295.920
3;1;56;2009;04;05;12;25.355;70.929;345.698
3;1;56;2009;04;05;13;27.257;70.334;276.969
3;1;56;2009;04;05;14;28.412;70.299;245.707
3;1;56;2009;04;05;15;28.412;70.270;240.583
1;1;57;2009;04;20;05;43.967;67.495;175.539
1;1;57;2009;04;20;06;44.219;67.443;265.503
1;1;57;2009;04;20;07;44.581;67.457;270.520
1;1;57;2009;04;20;08;46.146;67.555;190.316
1;1;57;2009;04;20;09;46.120;66.984;301.437
1;1;57;2009;04;20;10;45.786;67.215;262.385
1;1;57;2009;04;20;11;46.246;67.331;265.110
1;1;57;2009;04;20;12;46.842;67.267;264.353
5;1;58;2010;01;08;09;17.299;78.351;133.221
5;1;58;2010;01;08;10;19.806;78.308;172.175
5;1;58;2010;01;08;11;20.484;78.658;201.202
5;1;58;2010;01;08;12;21.747;78.582;192.694
5;1;58;2010;01;08;13;21.645;78.801;218.485
5;1;58;2010;01;08;14;21.311;78.782;235.994
5;1;58;2010;01;08;15;22.396;78.686;248.808
5;1;58;2010;01;08;16;22.416;78.698;219.971
5;1;58;2010;01;08;17;22.857;78.666;223.144
5;1;58;2010;01;08;18;25.606;79.267;263.790
5;1;58;2010;01;08;19;27.334;79.095;224.699
2;1;59;2010;01;29;10;8.509;68.714;259.311
2;1;59;2010;01;29;11;7.899;68.387;261.415
2;1;59;2010;01;29;12;6.685;68.582;255.298
2;1;59;2010;01;29;13;7.135;68.088;256.309
2;1;59;2010;01;29;14;6.967;67.790;301.470
2;1;59;2010;01;29;15;6.323;67.607;316.940
2;1;59;2010;01;29;16;6.769;67.415;314.940
2;1;59;2010;01;29;17;7.023;67.245;246.011
2;1;59;2010;01;29;18;6.673;66.834;348.392
2;1;59;2010;01;29;19;6.471;66.728;323.176
2;1;59;2010;01;29;20;6.666;66.491;346.706
2;1;59;2010;01;29;21;7.085;66.553;383.729
2;1;59;2010;01;29;22;8.296;66.728;207.458
2;2;60;2010;01;30;12;5.841;63.928;222.118
2;2;60;2010;01;30;13;5.974;63.780;203.391
2;2;60;2010;01;30;14;6.123;63.627;233.972
2;2;60;2010;01;30;15;6.304;63.305;261.363
2;2;60;2010;01;30;16;6.055;63.147;262.395
2;2;60;2010;01;30;17;5.765;62.898;244.899
2;2;60;2010;01;30;18;5.663;62.579;287.747
2;2;60;2010;01;30;19;5.651;62.347;231.309
2;2;60;2010;01;30;20;4.839;62.241;248.863
2;2;60;2010;01;30;21;5.183;62.114;258.666
2;2;60;2010;01;30;22;4.819;61.729;229.213
2;2;60;2010;01;30;23;4.440;61.463;228.425
2;2;60;2010;01;31;00;4.208;61.175;180.825
2;2;60;2010;01;31;01;4.753;60.929;218.326
2;2;60;2010;01;31;02;5.080;60.831;229.881
2;2;60;2010;01;31;03;5.097;60.617;226.514
2;2;60;2010;01;31;04;5.170;60.359;232.984
2;2;60;2010;01;31;05;5.005;59.882;252.058
1;2;61;2010;02;02;00;4.520;64.633;234.192
1;2;61;2010;02;02;01;3.703;64.388;279.105
1;2;61;2010;02;02;02;3.509;64.376;257.617
1;2;61;2010;02;02;03;3.791;64.009;259.423
1;2;61;2010;02;02;04;4.287;63.858;333.419
1;2;61;2010;02;02;05;4.629;63.702;290.661
1;2;61;2010;02;02;06;3.022;63.203;286.624
1;2;61;2010;02;02;07;2.947;62.647;254.082
1;2;62;2010;02;02;15;2.082;59.612;274.488
1;2;62;2010;02;02;16;2.702;59.307;291.030
1;2;62;2010;02;02;17;2.840;58.982;289.164
1;2;62;2010;02;02;18;3.274;58.820;277.978
1;2;62;2010;02;02;19;3.141;58.496;314.554
1;2;62;2010;02;02;20;3.265;58.130;296.067
1;2;62;2010;02;02;21;3.407;57.799;323.437
1;1;63;2010;02;16;00;14.422;70.458;236.056
1;1;63;2010;02;16;01;14.052;70.428;280.037
1;1;63;2010;02;16;02;16.209;70.758;181.874
1;1;63;2010;02;16;03;17.009;70.595;201.840
1;1;63;2010;02;16;04;16.741;71.009;232.963
1;1;63;2010;02;16;05;16.736;70.893;236.748
1;1;63;2010;02;16;06;16.736;71.045;183.223
1;1;63;2010;02;16;07;15.834;71.168;252.931
1;1;63;2010;02;16;08;14.133;71.300;322.410
1;1;63;2010;02;16;09;14.594;71.050;236.041
1;1;63;2010;02;16;10;15.222;70.536;213.080
1;1;63;2010;02;16;11;12.847;71.225;367.771
1;1;63;2010;02;16;12;13.358;70.966;330.863
5;1;64;2010;02;23;17;-16.942;66.642;137.419
5;1;64;2010;02;23;18;-16.728;66.264;201.529
5;1;64;2010;02;23;19;-17.399;66.148;237.179
5;1;64;2010;02;23;20;-17.804;65.993;143.418
5;1;64;2010;02;23;21;-18.210;65.910;184.941
5;1;64;2010;02;23;22;-18.918;65.509;146.208
5;1;64;2010;02;23;23;-18.798;65.370;158.101
1;1;65;2010;03;02;09;2.583;61.659;234.995
1;1;65;2010;03;02;10;2.150;61.787;260.057
1;1;65;2010;03;02;11;2.652;61.537;284.307
1;1;65;2010;03;02;12;2.832;61.000;223.749
6;3;66;2010;03;04;00;35.997;73.904;263.348
6;3;66;2010;03;04;01;36.147;73.742;300.462
6;3;66;2010;03;04;02;35.562;73.569;288.366
6;3;66;2010;03;04;03;37.186;73.367;299.404
6;3;66;2010;03;04;04;36.603;73.270;326.243
6;3;66;2010;03;04;05;36.498;72.945;396.997
6;3;66;2010;03;04;06;37.208;72.914;413.184
6;3;66;2010;03;04;07;37.321;72.874;334.182
6;3;66;2010;03;04;08;37.520;72.842;443.449
6;3;66;2010;03;04;09;38.196;72.398;352.609
6;3;66;2010;03;04;10;37.759;72.443;262.029
6;3;66;2010;03;04;11;38.178;72.129;258.090
6;3;66;2010;03;04;12;37.818;71.817;250.186
6;3;66;2010;03;04;13;38.705;72.218;309.543
6;3;66;2010;03;04;14;38.963;72.020;281.326
1;1;67;2010;03;10;01;58.720;78.025;191.329
1;1;67;2010;03;10;02;59.652;78.202;193.007
1;1;67;2010;03;10;03;60.844;78.689;191.181
1;1;67;2010;03;10;04;62.623;78.644;221.805
1;1;67;2010;03;10;05;64.340;79.018;238.038
1;1;67;2010;03;10;06;64.958;79.117;205.172
1;1;67;2010;03;10;07;65.380;79.079;273.773
1;1;67;2010;03;10;08;66.619;79.528;177.039
1;1;67;2010;03;10;09;65.256;79.601;227.729
1;1;67;2010;03;10;10;64.790;80.336;344.754
1;1;67;2010;03;10;11;63.610;80.796;278.775
1;1;67;2010;03;10;12;62.863;81.185;244.638
1;1;67;2010;03;10;13;64.308;81.552;259.895
1;1;67;2010;03;10;14;62.756;82.219;179.963
1;1;67;2010;03;10;15;61.678;82.674;154.470
1;1;67;2010;03;10;16;60.801;83.035;160.294
3;1;68;2010;03;14;12;13.039;69.905;143.418
3;1;68;2010;03;14;13;13.342;69.466;219.547
6;1;69;2010;03;19;11;19.000;70.548;193.908
6;1;69;2010;03;19;12;19.004;70.373;190.827
6;1;69;2010;03;19;13;19.887;70.349;235.343
6;1;69;2010;03;19;14;20.291;70.393;246.083
6;1;69;2010;03;19;15;21.918;70.935;223.433
6;1;69;2010;03;19;16;23.187;70.815;209.568
6;1;69;2010;03;19;17;23.812;71.172;170.406
6;1;69;2010;03;19;18;24.054;71.247;209.193
6;1;69;2010;03;19;19;23.262;70.918;195.724
6;1;69;2010;03;19;20;25.789;70.473;210.477
3;1;70;2010;03;21;02;13.761;65.932;240.591
3;1;70;2010;03;21;03;13.986;65.946;222.638
3;1;70;2010;03;21;04;14.882;65.620;181.717
3;1;70;2010;03;21;05;15.104;65.384;180.772
3;1;70;2010;03;21;06;16.099;65.337;190.879
6;1;71;2010;03;24;09;-2.289;71.407;272.121
6;1;71;2010;03;24;10;-2.145;71.847;302.984
6;1;71;2010;03;24;11;-1.501;71.580;317.209
6;1;71;2010;03;24;12;-1.508;71.349;396.087
6;1;71;2010;03;24;13;-1.041;71.654;362.166
6;1;71;2010;03;24;14;-0.420;71.601;389.743
6;1;71;2010;03;24;15;0.348;71.632;362.873
6;1;71;2010;03;24;16;-0.115;71.638;478.605
6;1;71;2010;03;24;17;1.041;71.811;421.404
6;1;71;2010;03;24;18;1.957;71.854;451.843
6;1;71;2010;03;24;19;2.456;71.807;464.374
6;1;71;2010;03;24;20;4.415;71.977;412.672
6;1;71;2010;03;24;21;5.336;72.111;373.722
6;1;71;2010;03;24;22;6.655;72.234;408.795
6;1;71;2010;03;24;23;6.889;72.314;410.600
6;1;71;2010;03;25;00;8.983;72.135;375.313
6;1;71;2010;03;25;01;10.645;71.942;319.207
6;1;71;2010;03;25;02;11.846;72.181;299.389
6;1;71;2010;03;25;03;13.250;72.148;334.218
6;1;71;2010;03;25;04;14.580;72.105;268.918
6;1;71;2010;03;25;05;15.698;71.957;204.350
6;1;71;2010;03;25;06;16.111;72.229;196.530
6;1;71;2010;03;25;07;16.394;72.128;230.879
6;1;71;2010;03;25;08;17.912;72.136;227.570
6;1;71;2010;03;25;09;19.028;71.929;249.316
6;1;71;2010;03;25;10;18.908;72.053;286.771
6;1;71;2010;03;25;11;20.508;72.293;284.646
6;1;71;2010;03;25;12;20.940;71.817;371.492
6;1;71;2010;03;25;13;20.998;72.128;353.100
3;3;72;2010;03;26;13;22.938;72.733;224.990
3;3;72;2010;03;26;14;23.240;72.544;194.368
3;3;72;2010;03;26;15;22.834;72.518;245.569
3;3;72;2010;03;26;16;22.781;72.404;280.588
3;3;72;2010;03;26;17;23.316;72.119;262.656
3;3;72;2010;03;26;18;23.089;72.393;239.512
3;3;72;2010;03;26;19;23.147;72.314;221.986
3;3;72;2010;03;26;20;22.930;72.217;209.826
3;3;72;2010;03;26;21;22.348;72.004;251.355
3;3;72;2010;03;26;22;21.845;71.975;220.362
3;3;72;2010;03;26;23;21.350;72.032;183.633
3;3;72;2010;03;27;00;20.759;71.847;213.721
3;3;72;2010;03;27;01;20.958;71.733;272.793
3;3;72;2010;03;27;02;20.223;71.789;255.869
3;3;72;2010;03;27;03;18.373;71.784;297.773
3;3;72;2010;03;27;04;15.716;71.563;290.971
3;3;72;2010;03;27;05;15.393;71.277;390.959
3;3;72;2010;03;27;06;16.355;71.259;282.551
3;3;72;2010;03;27;07;16.647;70.834;293.811
3;3;72;2010;03;27;08;16.539;70.821;301.848
3;3;72;2010;03;27;09;15.868;70.818;265.001
3;3;72;2010;03;27;10;14.381;70.809;196.503
6;1;73;2010;04;23;08;13.187;70.918;224.382
6;1;73;2010;04;23;09;12.291;70.926;196.728
6;1;73;2010;04;23;10;13.529;70.536;239.862
6;1;73;2010;04;23;11;12.857;71.133;181.388
6;1;73;2010;04;23;12;12.839;71.124;225.783
6;1;73;2010;04;23;13;11.484;71.327;232.705
3;1;74;2010;10;11;11;9.599;70.616;235.399
3;1;74;2010;10;11;12;9.700;70.256;230.890
3;1;74;2010;10;11;13;9.901;69.889;181.698
3;1;74;2010;10;11;14;10.292;69.425;155.067
3;1;74;2010;10;11;15;10.934;68.907;217.001
3;1;74;2010;10;11;16;12.011;68.266;187.333
3;1;74;2010;10;11;17;12.184;67.960;140.390
3;1;74;2010;10;11;18;12.280;67.116;157.282
3;1;74;2010;10;11;19;12.971;66.696;175.418
3;3;75;2010;10;19;04;3.219;72.539;352.541
3;3;75;2010;10;19;05;5.226;72.127;319.073
3;3;75;2010;10;19;06;5.021;71.667;334.669
3;3;75;2010;10;19;07;5.473;71.394;395.500
3;3;75;2010;10;19;08;6.478;71.386;373.674
3;3;75;2010;10;19;09;7.124;71.482;416.671
3;3;75;2010;10;19;10;8.101;71.437;452.869
3;3;75;2010;10;19;11;10.329;70.828;459.822
3;3;75;2010;10;19;12;10.892;71.095;471.077
3;3;75;2010;10;19;13;12.214;71.071;477.628
6;1;76;2010;11;07;13;14.855;70.275;251.222
6;1;76;2010;11;07;14;15.371;70.533;209.579
6;1;76;2010;11;07;15;15.020;71.026;298.413
6;1;76;2010;11;07;16;14.965;71.081;308.250
6;1;76;2010;11;07;17;15.045;71.020;277.601
6;1;76;2010;11;07;18;15.506;70.974;244.304
6;1;76;2010;11;07;19;16.039;71.129;264.094
6;1;76;2010;11;07;20;16.043;71.111;274.404
6;1;76;2010;11;07;21;15.720;71.128;262.979
6;1;76;2010;11;07;22;17.455;70.661;297.238
6;1;76;2010;11;07;23;17.930;70.725;432.854
6;1;76;2010;11;08;00;19.381;70.215;331.011
6;1;76;2010;11;08;01;18.895;70.119;363.666
6;1;76;2010;11;08;02;17.653;69.621;474.282
6;1;76;2010;11;08;03;18.278;69.082;457.338
6;1;77;2010;11;09;06;12.567;71.691;153.138
6;1;77;2010;11;09;07;13.059;71.692;234.058
6;1;77;2010;11;09;08;13.314;71.722;143.140
6;1;77;2010;11;09;09;14.389;71.764;156.053
6;3;78;2010;11;09;14;22.703;73.929;223.824
6;3;78;2010;11;09;15;24.156;73.673;268.967
6;3;78;2010;11;09;16;25.027;73.869;272.681
6;3;78;2010;11;09;17;26.435;74.051;241.107
6;3;78;2010;11;09;18;26.726;74.262;303.000
6;3;78;2010;11;09;19;27.557;74.169;273.157
6;3;78;2010;11;09;20;28.707;74.437;298.750
6;3;78;2010;11;09;21;29.585;74.260;293.787
6;3;78;2010;11;09;22;31.007;74.040;232.549
6;3;78;2010;11;09;23;32.006;74.029;299.836
6;1;79;2010;11;09;04;-7.253;70.559;367.403
6;1;79;2010;11;09;05;-6.660;70.594;366.327
6;1;79;2010;11;09;06;-6.072;70.637;340.448
6;1;79;2010;11;09;07;-5.519;70.818;342.336
6;1;79;2010;11;09;08;-4.119;70.782;357.467
6;1;79;2010;11;09;09;-3.455;70.560;331.493
6;1;79;2010;11;09;10;-3.325;70.857;370.154
6;1;79;2010;11;09;11;-2.462;70.912;373.389
6;1;79;2010;11;09;12;-4.407;71.657;267.067
6;1;79;2010;11;09;13;-4.322;71.878;256.079
6;1;79;2010;11;09;14;-3.711;72.077;307.476
6;1;79;2010;11;09;15;-3.585;72.294;240.344
6;1;79;2010;11;09;16;-6.058;72.647;134.728
6;1;79;2010;11;09;17;-5.028;72.658;156.688
2;1;80;2010;11;21;11;11.914;72.959;301.174
2;1;80;2010;11;21;12;15.524;72.418;288.268
2;1;80;2010;11;21;13;16.165;72.227;279.789
2;1;80;2010;11;21;14;18.515;70.977;177.054
2;1;80;2010;11;21;15;20.370;70.954;175.690
2;1;80;2010;11;21;16;21.884;70.139;228.783
2;1;80;2010;11;21;17;22.983;69.992;277.494
2;1;81;2010;11;25;00;3.582;70.259;288.014
2;1;81;2010;11;25;01;4.230;69.958;268.713
2;1;81;2010;11;25;02;2.544;68.921;242.093
2;1;81;2010;11;25;03;1.897;68.581;269.086
2;1;81;2010;11;25;04;-0.193;67.510;285.870
2;1;81;2010;11;25;05;-0.120;67.141;255.117
2;1;81;2010;11;25;06;-0.360;66.577;280.079
2;1;82;2010;11;25;02;5.783;70.399;269.009
2;1;82;2010;11;25;03;6.122;70.045;235.472
2;1;82;2010;11;25;04;5.660;70.137;305.724
2;1;82;2010;11;25;05;5.357;69.887;311.887
2;1;82;2010;11;25;06;4.450;69.648;300.155
2;1;82;2010;11;25;07;3.920;69.657;349.688
2;1;82;2010;11;25;08;4.126;69.396;313.682
2;1;82;2010;11;25;09;3.474;69.150;344.678
2;1;82;2010;11;25;10;2.324;69.002;331.770
2;1;82;2010;11;25;11;1.315;68.929;408.716
2;1;82;2010;11;25;12;0.771;68.306;439.496
2;1;82;2010;11;25;13;0.161;68.057;372.831
2;1;83;2010;12;04;12;1.819;67.524;187.053
2;1;83;2010;12;04;13;2.087;67.689;199.707
2;1;83;2010;12;04;14;3.167;67.640;207.831
2;1;83;2010;12;04;15;2.070;68.017;128.700
2;1;83;2010;12;04;16;3.032;67.798;171.502
2;1;83;2010;12;04;17;2.855;67.687;172.259
2;1;83;2010;12;04;18;3.546;67.585;192.793
2;1;83;2010;12;04;19;3.644;68.420;168.309
2;1;83;2010;12;04;20;3.935;68.101;153.254
2;1;83;2010;12;04;21;3.433;68.435;152.640
2;1;83;2010;12;04;22;2.977;67.946;182.959
2;1;83;2010;12;04;23;2.666;67.516;125.992
6;1;84;2010;12;09;11;8.250;69.941;245.950
6;1;84;2010;12;09;12;8.029;69.912;258.433
6;1;84;2010;12;09;13;8.283;69.888;296.649
6;1;84;2010;12;09;14;9.385;70.009;256.266
6;1;84;2010;12;09;15;10.099;70.447;271.907
6;1;84;2010;12;09;16;11.271;70.487;231.167
6;1;84;2010;12;09;17;11.965;69.206;279.538
6;1;84;2010;12;09;18;12.752;69.316;233.663
6;1;84;2010;12;09;19;13.353;69.354;271.493
6;1;84;2010;12;09;20;14.480;69.729;258.433
6;1;84;2010;12;09;21;15.553;70.048;240.191
6;1;84;2010;12;09;22;15.602;70.421;214.529
6;1;84;2010;12;09;23;15.793;69.991;221.001
3;3;85;2010;12;21;09;-5.786;71.928;350.446
3;3;85;2010;12;21;10;-8.370;71.695;240.295
3;3;85;2010;12;21;11;-8.473;71.906;330.923
3;3;85;2010;12;21;12;-9.459;71.320;277.383
3;3;85;2010;12;21;13;-11.175;71.150;226.639
3;3;85;2010;12;21;14;-12.087;70.971;226.574
3;3;85;2010;12;21;15;-13.794;70.289;144.801
3;3;85;2010;12;21;16;-13.791;69.980;203.654
3;3;85;2010;12;21;17;-14.448;69.959;234.601
3;3;85;2010;12;21;18;-14.657;69.566;265.766
3;3;85;2010;12;21;19;-15.593;69.093;254.647
3;3;85;2010;12;21;20;-16.522;68.688;169.914
3;3;85;2010;12;21;21;-16.063;68.622;262.497
3;3;85;2010;12;21;22;-16.479;68.315;238.015
3;3;85;2010;12;21;23;-17.557;68.027;225.312
1;3;86;2011;01;13;06;-2.545;70.560;151.360
1;3;86;2011;01;13;07;-2.364;70.533;147.310
1;3;86;2011;01;13;08;-2.179;70.524;153.829
1;3;86;2011;01;13;09;-1.419;70.421;149.609
1;3;86;2011;01;13;10;-1.009;70.023;156.253
1;3;86;2011;01;13;11;-1.524;69.679;158.447
1;3;86;2011;01;13;12;-0.551;69.475;158.152
1;3;86;2011;01;13;13;-0.711;69.611;182.037
1;3;86;2011;01;13;14;-0.068;69.942;121.110
1;3;86;2011;01;13;15;0.893;70.244;163.036
1;3;86;2011;01;13;16;0.529;70.344;165.270
1;3;86;2011;01;13;17;0.256;70.449;135.868
1;3;86;2011;01;13;18;0.237;70.352;131.519
1;3;86;2011;01;13;19;0.821;70.316;169.473
1;3;86;2011;01;13;20;0.897;70.336;149.173
1;3;86;2011;01;13;21;0.847;70.367;157.556
1;3;86;2011;01;13;22;1.763;70.431;130.343
1;3;86;2011;01;13;23;1.778;70.490;149.365
4;1;87;2011;01;29;02;-2.223;70.173;155.191
4;1;87;2011;01;29;03;-1.743;70.127;152.952
4;1;87;2011;01;29;04;-0.625;70.188;155.512
4;1;87;2011;01;29;05;-0.659;70.029;141.118
4;1;87;2011;01;29;06;0.456;70.256;120.194
4;1;87;2011;01;29;07;0.645;70.213;153.828
4;1;87;2011;01;29;08;1.835;70.086;134.475
4;1;87;2011;01;29;09;3.495;70.106;115.608
4;1;87;2011;01;29;10;4.269;70.199;137.970
4;1;87;2011;01;29;11;4.982;70.303;133.747
6;1;88;2011;02;06;18;-10.001;63.198;175.845
6;1;88;2011;02;06;19;-9.292;63.472;168.086
6;1;88;2011;02;06;20;-8.088;63.798;178.418
6;1;88;2011;02;06;21;-7.166;63.307;117.763
6;1;88;2011;02;06;22;-5.702;63.945;171.572
6;1;88;2011;02;06;23;-4.412;64.293;179.999
6;1;88;2011;02;07;00;-3.294;64.500;188.799
6;1;88;2011;02;07;01;-2.806;64.965;160.818
6;1;88;2011;02;07;02;-2.292;65.123;177.805
6;1;88;2011;02;07;03;-1.588;65.041;237.300
6;1;88;2011;02;07;04;-1.247;65.173;221.446
6;1;88;2011;02;07;05;-0.115;65.369;248.356
6;1;88;2011;02;07;06;0.360;65.480;259.451
6;1;88;2011;02;07;07;1.084;65.578;228.443
6;1;88;2011;02;07;08;2.600;66.051;207.036
6;1;88;2011;02;07;09;2.918;66.185;190.802
6;1;88;2011;02;07;10;3.402;66.085;179.705
6;1;89;2011;02;10;16;29.461;72.272;266.878
6;1;89;2011;02;10;17;29.883;72.400;250.187
6;1;89;2011;02;10;18;29.724;72.153;221.965
6;1;89;2011;02;10;19;30.628;71.753;227.171
6;1;89;2011;02;10;20;29.660;71.696;198.715
6;1;89;2011;02;10;21;30.072;71.321;177.656
6;1;89;2011;02;10;22;30.531;71.330;173.200
6;1;89;2011;02;10;23;29.587;70.587;177.705
2;3;90;2011;03;11;06;-2.819;68.588;194.101
2;3;90;2011;03;11;07;-2.527;68.360;252.111
2;3;90;2011;03;11;08;-2.746;68.017;240.875
2;3;90;2011;03;11;09;-3.702;67.769;267.031
2;3;90;2011;03;11;10;-3.040;67.183;261.916
2;3;90;2011;03;11;11;-3.051;66.825;255.145
2;3;90;2011;03;11;12;-3.000;66.782;272.112
2;3;90;2011;03;11;13;-3.379;66.229;309.330
2;3;90;2011;03;11;14;-3.320;65.710;286.622
2;3;90;2011;03;11;15;-2.725;65.143;310.137
3;1;91;2011;03;13;02;0.590;65.047;298.575
3;1;91;2011;03;13;03;0.419;65.271;375.326
3;1;91;2011;03;13;04;1.568;65.300;341.359
3;1;91;2011;03;13;05;1.768;65.320;303.850
3;1;91;2011;03;13;06;2.024;65.201;371.596
3;1;91;2011;03;13;07;2.450;65.364;339.423
3;1;91;2011;03;13;08;3.927;65.625;266.830
5;1;92;2011;03;20;07;-3.642;71.251;205.333
5;1;92;2011;03;20;08;0.048;71.235;277.526
5;1;92;2011;03;20;09;1.463;71.138;262.486
5;1;92;2011;03;20;10;0.985;70.070;288.280
5;1;93;2011;03;22;01;-17.150;67.240;236.725
5;1;93;2011;03;22;02;-18.036;67.049;128.556
5;1;93;2011;03;22;03;-17.464;67.180;174.431
5;1;93;2011;03;22;04;-16.315;67.168;146.378
5;1;93;2011;03;22;05;-15.565;66.963;120.364
5;1;93;2011;03;22;06;-13.770;68.544;236.828
5;1;93;2011;03;22;07;-13.130;68.749;232.817
5;1;93;2011;03;22;08;-11.956;68.558;256.736
5;1;93;2011;03;22;09;-10.884;68.607;253.421
5;1;93;2011;03;22;10;-8.837;69.248;152.300
5;1;93;2011;03;22;11;-8.531;69.312;226.354
5;1;93;2011;03;22;12;-7.425;69.623;186.421
5;1;93;2011;03;22;13;-6.507;69.389;182.188
5;1;93;2011;03;22;14;-5.096;69.834;146.488
5;1;93;2011;03;22;15;-3.878;69.975;162.372
5;1;93;2011;03;22;16;-3.031;70.085;131.341
5;1;93;2011;03;22;17;-1.389;70.102;148.353
5;1;93;2011;03;22;18;0.535;70.120;166.676
5;1;93;2011;03;22;19;1.449;70.416;147.306
5;1;93;2011;03;22;20;3.062;70.383;154.930
5;1;93;2011;03;22;21;3.136;70.524;92.070
5;1;94;2011;03;22;01;-15.721;68.651;135.726
5;1;94;2011;03;22;02;-16.092;68.760;124.586
5;1;94;2011;03;22;03;-15.406;68.671;112.599
5;1;94;2011;03;22;04;-14.902;68.883;131.457
5;1;94;2011;03;22;05;-14.722;68.889;122.362
3;3;95;2011;03;24;00;-12.278;69.270;326.891
6;3;96;2011;03;30;01;29.799;71.336;163.040
6;3;96;2011;03;30;02;29.385;71.342;196.206
6;3;97;2011;03;30;01;28.974;71.077;124.003
6;3;97;2011;03;30;02;28.789;71.045;166.947
6;3;97;2011;03;30;03;28.686;71.118;118.956
6;3;97;2011;03;30;04;28.658;70.440;158.318
6;3;97;2011;03;30;05;29.694;70.137;151.463
6;3;97;2011;03;30;06;28.546;69.913;109.735
6;3;98;2011;03;31;05;29.891;72.000;210.845
6;3;98;2011;03;31;06;30.812;71.853;167.305
6;3;98;2011;03;31;07;31.137;71.668;138.377
6;3;98;2011;03;31;08;31.947;71.639;141.543
6;3;98;2011;03;31;09;32.097;71.652;162.187
6;3;98;2011;03;31;10;32.685;71.434;145.827
3;3;99;2011;12;05;04;-10.478;65.913;157.853
3;3;99;2011;12;05;05;-10.451;65.661;118.744
3;3;99;2011;12;05;06;-10.531;65.400;109.974
3;3;99;2011;12;05;07;-9.711;65.038;112.156
3;3;99;2011;12;05;08;-9.536;64.901;115.569
3;3;99;2011;12;05;09;-8.718;64.749;140.338
3;3;99;2011;12;05;10;-7.992;64.335;138.232
3;3;99;2011;12;05;11;-6.523;64.006;156.823
3;3;99;2011;12;05;12;-6.893;63.696;136.639
3;3;99;2011;12;05;13;-6.626;63.685;110.082
3;3;99;2011;12;05;14;-6.192;63.529;131.966
3;3;99;2011;12;05;15;-5.711;63.269;149.477
3;3;99;2011;12;05;16;-5.211;63.129;143.415
3;3;99;2011;12;05;17;-5.051;62.917;166.758
3;3;99;2011;12;05;18;-4.715;62.839;163.483
3;3;99;2011;12;05;19;-4.134;62.620;147.336
3;3;99;2011;12;05;20;-3.607;62.353;144.801
3;3;99;2011;12;05;21;-3.219;62.293;182.557
3;3;99;2011;12;05;22;-2.990;62.195;145.984
3;3;99;2011;12;05;23;-2.593;61.831;137.494
3;3;99;2011;12;06;00;-2.175;61.610;182.356
3;3;99;2011;12;06;01;-2.104;61.290;137.119
3;3;99;2011;12;06;02;-1.770;61.122;129.001
3;3;99;2011;12;06;03;-1.248;61.102;158.401
3;3;99;2011;12;06;04;-0.454;60.705;159.404
3;3;99;2011;12;06;05;0.153;60.703;186.294
3;3;99;2011;12;06;06;0.659;60.632;196.536
3;3;99;2011;12;06;07;1.648;60.855;271.581
3;3;99;2011;12;06;08;1.468;60.602;292.343
3;3;99;2011;12;06;09;1.673;60.570;306.326
3;3;99;2011;12;06;10;1.672;60.280;368.861
3;3;99;2011;12;06;11;1.699;60.303;394.007
3;3;99;2011;12;06;12;2.736;59.957;397.622
3;3;99;2011;12;06;13;3.339;59.745;395.212
3;3;99;2011;12;06;14;3.911;59.544;381.605
3;3;99;2011;12;06;15;3.856;59.635;370.551
3;3;99;2011;12;06;16;3.983;59.443;298.135
3;3;99;2011;12;06;17;4.211;59.046;333.628
4;1;100;2011;12;27;08;8.752;71.074;154.489
4;1;100;2011;12;27;09;9.074;70.991;144.356
4;1;100;2011;12;27;10;9.449;71.326;118.948
4;1;100;2011;12;27;11;9.815;71.210;116.259
4;1;100;2011;12;27;12;10.105;71.245;108.973
4;1;100;2011;12;27;13;10.262;71.443;130.972
4;1;100;2011;12;27;14;10.706;71.481;120.532
4;1;100;2011;12;27;15;10.771;71.254;137.038
4;1;100;2011;12;27;16;10.833;71.167;121.980
4;1;100;2011;12;27;17;11.692;70.875;172.895
4;1;100;2011;12;27;18;12.141;70.873;156.005
4;1;100;2011;12;27;19;12.814;70.486;146.281
4;1;100;2011;12;27;20;13.393;70.533;169.822
4;1;100;2011;12;27;21;14.232;70.323;125.937
4;1;100;2011;12;27;22;15.193;70.014;164.950
4;1;100;2011;12;27;23;15.021;69.933;143.788
2;1;101;2012;02;22;01;18.617;74.274;263.442
2;1;101;2012;02;22;02;19.324;74.225;272.192
2;1;101;2012;02;22;03;19.833;74.304;175.239
2;1;101;2012;02;22;04;20.916;74.033;237.721
2;1;101;2012;02;22;05;20.888;73.420;173.623
2;1;101;2012;02;22;06;22.325;73.568;247.445
2;1;101;2012;02;22;07;23.944;74.043;406.734
2;1;101;2012;02;22;08;24.494;73.931;376.737
2;1;101;2012;02;22;09;27.430;73.757;454.160
2;1;101;2012;02;22;10;27.004;73.937;454.814
2;1;101;2012;02;22;11;27.891;73.857;477.954
2;1;101;2012;02;22;12;28.214;74.113;500.301
2;1;101;2012;02;22;13;28.814;74.001;500.325
2;1;101;2012;02;22;14;29.655;74.133;558.896
2;1;101;2012;02;22;15;28.533;73.155;365.244
2;1;101;2012;02;22;16;30.292;73.366;389.308
1;1;102;2012;03;10;04;2.356;63.169;110.200
1;1;102;2012;03;10;05;4.358;62.975;115.760
1;1;102;2012;03;10;06;4.856;62.851;161.252
1;1;102;2012;03;10;07;2.355;60.975;272.752
1;1;102;2012;03;10;08;3.502;60.626;159.210
4;1;103;2012;03;17;13;-9.251;69.165;160.785
4;1;103;2012;03;17;14;-8.418;69.335;135.998
4;1;103;2012;03;17;15;-8.440;69.496;150.535
4;1;103;2012;03;17;16;-8.036;69.643;156.594
4;1;103;2012;03;17;17;-7.794;69.894;134.881
4;1;103;2012;03;17;18;-7.154;69.901;177.588
4;1;103;2012;03;17;19;-7.105;69.724;269.778
4;1;103;2012;03;17;20;-6.911;69.743;250.670
4;1;103;2012;03;17;21;-6.796;69.916;280.980
4;1;103;2012;03;17;22;-6.191;69.957;204.749
4;1;103;2012;03;17;23;-6.445;70.119;220.325
4;1;103;2012;03;18;00;-7.318;69.939;199.278
4;1;103;2012;03;18;01;-7.818;70.013;170.140
4;1;103;2012;03;18;02;-5.809;69.555;156.883
4;1;103;2012;03;18;03;-9.464;69.792;170.973
4;1;103;2012;03;18;04;-9.806;69.642;163.248
4;1;103;2012;03;18;05;-9.503;69.417;175.991
4;1;103;2012;03;18;06;-9.055;69.043;215.000
4;1;103;2012;03;18;07;-9.313;68.708;218.546
4;1;103;2012;03;18;08;-9.390;68.437;201.419
4;1;103;2012;03;18;09;-7.822;67.789;291.224
4;1;103;2012;03;18;10;-8.701;67.367;264.339
6;1;104;2012;03;29;05;34.195;70.843;296.426
6;1;104;2012;03;29;06;34.792;70.629;274.137
6;1;104;2012;03;29;07;34.672;70.430;222.315
6;1;104;2012;03;29;08;34.608;70.529;241.350
6;1;104;2012;03;29;09;35.120;70.510;198.889
6;1;104;2012;03;29;10;35.228;70.335;221.756
6;1;104;2012;03;29;11;35.297;70.190;233.944
6;1;104;2012;03;29;12;35.290;69.937;197.493
6;1;104;2012;03;29;13;35.688;69.785;198.293
6;1;104;2012;03;29;14;36.207;69.680;191.237
6;1;104;2012;03;29;15;36.354;69.345;161.470
4;1;105;2012;10;24;13;23.564;72.673;152.283
4;1;105;2012;10;24;14;23.457;72.856;112.898
4;1;105;2012;10;24;15;23.766;72.496;111.786
4;1;105;2012;10;24;16;23.918;72.950;168.753
4;1;105;2012;10;24;17;25.397;72.998;178.558
6;1;106;2012;12;24;07;25.968;77.149;235.628
6;1;106;2012;12;24;08;26.695;76.750;215.902
6;1;106;2012;12;24;09;27.490;76.601;224.334
6;1;106;2012;12;24;10;27.099;76.001;171.975
6;1;106;2012;12;24;11;26.788;76.019;154.540
6;1;106;2012;12;24;12;28.246;76.009;178.171
6;1;106;2012;12;24;13;30.327;75.928;173.873
6;1;106;2012;12;24;14;30.390;75.899;162.994
6;1;106;2012;12;24;15;32.271;75.232;181.025
2;1;107;2013;11;20;08;38.623;70.450;295.639
2;1;107;2013;11;20;09;40.670;70.273;246.559
2;1;107;2013;11;20;10;40.388;70.800;283.281
2;1;107;2013;11;20;11;41.527;70.788;239.568
2;1;107;2013;11;20;12;41.913;70.912;292.676
2;1;107;2013;11;20;13;42.295;70.678;295.769
2;1;107;2013;11;20;14;43.148;70.764;248.561
2;1;107;2013;11;20;15;42.910;70.928;194.259
2;1;107;2013;11;20;16;43.179;71.103;156.107
2;1;107;2013;11;20;17;42.789;71.109;194.691
2;2;108;2013;11;20;14;24.214;71.749;202.475
2;2;108;2013;11;20;15;25.129;71.312;273.277
2;2;108;2013;11;20;16;26.295;71.249;200.495
2;2;108;2013;11;20;17;26.305;71.500;262.271
2;2;109;2013;11;24;00;16.502;71.576;194.747
2;2;109;2013;11;24;01;16.918;71.675;154.900
2;2;109;2013;11;24;02;18.399;71.938;175.692
2;2;109;2013;11;24;03;19.137;71.973;232.297
2;2;109;2013;11;24;04;19.957;71.511;228.727
2;2;109;2013;11;24;05;20.414;71.553;258.765
2;2;109;2013;11;24;06;21.343;71.442;225.008
2;2;109;2013;11;24;07;21.228;71.399;223.156
2;2;109;2013;11;24;08;22.146;71.685;185.208
2;2;109;2013;11;24;09;21.681;71.343;186.314
2;2;109;2013;11;24;10;23.226;71.454;202.087
2;2;109;2013;11;24;11;23.642;71.180;208.098
2;2;109;2013;11;24;12;24.096;70.904;186.944
2;2;109;2013;11;24;13;24.861;70.761;187.356
2;2;109;2013;11;24;14;25.400;70.577;194.897
3;1;110;2013;11;25;11;13.814;74.922;166.322
3;1;110;2013;11;25;12;14.748;74.775;150.845
3;1;110;2013;11;25;13;14.464;74.713;167.648
3;1;110;2013;11;25;14;13.974;74.922;227.524
3;1;110;2013;11;25;15;14.577;75.026;223.487
3;1;110;2013;11;25;16;14.694;74.691;211.298
3;1;110;2013;11;25;17;15.086;74.646;231.516
3;1;110;2013;11;25;18;16.171;74.423;276.680
3;1;110;2013;11;25;19;15.636;74.585;295.794
3;1;110;2013;11;25;20;16.319;74.696;266.537
3;1;110;2013;11;25;21;15.936;74.579;207.110
2;1;111;2013;11;30;03;37.874;71.562;147.311
2;1;111;2013;11;30;04;38.963;71.628;125.521
2;1;111;2013;11;30;05;40.798;71.467;125.527
2;1;111;2013;11;30;06;41.936;71.534;164.385
2;1;111;2013;11;30;07;43.609;71.583;123.500
2;1;111;2013;11;30;08;44.638;71.650;114.738
2;1;111;2013;11;30;09;45.637;71.737;122.295
2;1;111;2013;11;30;10;46.254;71.757;169.685
6;1;112;2014;03;24;07;3.166;71.981;195.638
6;1;112;2014;03;24;08;4.640;72.005;195.912
6;1;112;2014;03;24;09;4.879;72.102;178.790
6;1;112;2014;03;24;10;7.611;71.955;200.416
6;1;112;2014;03;24;11;9.888;71.731;165.248
6;1;112;2014;03;24;12;11.497;71.549;198.540
6;1;112;2014;03;24;13;13.828;71.400;179.425
6;1;112;2014;03;24;14;14.779;71.715;148.138
6;1;112;2014;03;24;15;16.345;71.356;178.011
6;1;112;2014;03;24;16;16.471;71.177;162.330
6;1;112;2014;03;24;17;18.301;71.277;122.150
6;1;112;2014;03;24;18;19.241;71.238;150.061
6;1;112;2014;03;24;19;20.483;71.464;156.463
3;1;113;2014;04;14;11;11.925;72.136;174.009
3;1;113;2014;04;14;12;12.995;72.432;180.403
3;1;113;2014;04;14;13;14.739;72.270;162.259
3;1;113;2014;04;14;14;15.283;72.443;186.197
3;1;113;2014;04;14;15;14.794;72.106;176.623
3;1;113;2014;04;14;16;16.045;72.027;176.594
3;1;113;2014;04;14;17;16.979;72.137;160.874
3;1;113;2014;04;14;18;17.276;72.395;192.914
3;1;113;2014;04;14;19;17.852;72.009;152.681
3;1;113;2014;04;14;20;18.038;71.932;183.574
3;1;113;2014;04;14;21;18.438;72.026;180.425
3;1;113;2014;04;14;22;19.187;72.081;189.854
3;1;113;2014;04;14;23;19.925;72.025;187.177
3;1;113;2014;04;15;00;20.320;71.966;196.528
3;1;113;2014;04;15;01;20.493;71.526;211.254
3;1;113;2014;04;15;02;20.697;71.446;224.434
3;1;113;2014;04;15;03;21.225;71.475;213.483
3;1;113;2014;04;15;04;20.691;71.390;204.742
3;1;113;2014;04;15;05;20.798;71.105;227.989
3;1;113;2014;04;15;06;21.708;70.972;266.297
3;1;113;2014;04;15;07;21.235;71.129;238.598
3;1;113;2014;04;15;08;21.847;70.885;242.991
3;1;113;2014;04;15;09;22.267;70.566;215.947
3;1;113;2014;04;15;10;22.783;70.886;230.316
3;1;113;2014;04;15;11;23.505;70.738;180.534
3;1;113;2014;04;15;12;22.962;70.621;176.596
3;1;114;2014;12;20;10;13.226;69.533;117.562
3;1;114;2014;12;20;11;12.986;69.091;146.752
3;1;114;2014;12;20;12;12.763;68.394;191.215
3;1;114;2014;12;20;13;13.610;67.974;149.717
3;1;114;2014;12;20;14;13.696;67.874;150.723
3;1;114;2014;12;20;15;13.926;67.700;161.403
3;1;114;2014;12;20;16;13.781;67.048;134.733
3;4;115;2014;12;24;16;14.150;72.322;171.726
3;4;115;2014;12;24;17;15.361;72.490;202.069
3;4;115;2014;12;24;18;14.034;72.587;180.490
4;4;116;2014;12;24;17;8.075;71.389;183.900
4;4;116;2014;12;24;18;9.787;71.232;144.454
4;4;116;2014;12;24;19;10.259;71.219;145.468
4;4;116;2014;12;24;20;11.278;71.037;164.018
4;4;116;2014;12;24;21;12.310;70.958;158.469
4;4;116;2014;12;24;22;12.744;70.803;192.755
4;4;116;2014;12;24;23;13.071;70.789;156.358
6;4;117;2015;01;29;06;62.798;74.298;116.444
6;4;117;2015;01;29;07;62.198;73.680;130.186
6;4;117;2015;01;29;08;61.087;74.144;179.132
6;4;117;2015;01;29;09;60.779;73.983;164.298
6;4;117;2015;01;29;10;61.216;73.487;145.326
1;1;118;2015;02;10;06;14.168;69.964;291.075
1;1;118;2015;02;10;07;16.346;69.752;241.880
1;1;118;2015;02;10;08;16.972;70.166;292.835
1;1;118;2015;02;10;09;17.608;70.208;238.370
2;3;119;2015;02;11;01;2.406;72.283;199.537
2;3;119;2015;02;11;02;3.014;72.087;160.472
2;3;119;2015;02;11;03;5.228;72.440;190.689
2;3;119;2015;02;11;04;7.473;72.400;193.980
2;3;119;2015;02;11;05;8.853;72.715;225.404
2;3;119;2015;02;11;06;9.298;72.701;225.149
1;1;120;2015;02;12;11;-1.687;67.644;194.877
1;1;120;2015;02;12;12;-0.121;67.733;155.592
1;1;120;2015;02;12;13;1.938;68.035;180.271
1;1;120;2015;02;12;14;3.826;68.108;200.028
1;1;120;2015;02;12;15;5.732;68.246;186.292
1;1;120;2015;02;12;16;7.859;68.431;209.498
1;1;120;2015;02;12;17;10.185;68.735;243.432
6;1;121;2015;02;14;07;32.915;71.175;205.447
6;1;121;2015;02;14;08;34.889;71.021;228.968
1;1;122;2015;03;19;08;11.595;71.229;242.408
1;1;122;2015;03;19;09;11.432;70.677;343.425
1;1;122;2015;03;19;10;14.392;70.691;222.475
1;1;122;2015;03;19;11;14.870;70.924;239.768
1;1;122;2015;03;19;12;16.993;70.587;264.234
1;1;122;2015;03;19;13;18.279;70.414;254.100
1;1;122;2015;03;19;14;17.258;70.784;207.589
1;1;123;2015;03;23;05;-1.761;69.941;172.783
1;1;123;2015;03;23;06;-2.015;69.649;178.737
1;1;124;2015;03;23;04;-2.087;70.569;224.466
1;1;124;2015;03;23;05;-2.453;70.892;232.858
1;1;124;2015;03;23;06;-2.856;70.526;372.578
1;1;124;2015;03;23;07;-3.876;70.616;332.451
1;1;124;2015;03;23;08;-2.465;70.546;337.911
1;1;124;2015;03;23;09;-1.923;70.208;352.492
3;3;125;2015;10;26;15;15.386;70.284;287.161
3;3;125;2015;10;26;16;16.079;69.966;279.816
3;3;125;2015;10;26;17;17.221;69.769;320.116
3;3;125;2015;10;26;18;18.072;69.516;274.553
3;3;125;2015;10;26;19;17.343;69.218;340.724
3;3;125;2015;10;26;20;18.469;69.016;177.794
3;4;126;2015;11;19;03;10.096;70.133;234.365
3;4;126;2015;11;19;04;10.181;70.247;249.187
3;4;126;2015;11;19;05;10.530;69.621;288.490
3;4;126;2015;11;19;06;10.639;69.659;287.060
3;4;126;2015;11;19;07;10.535;69.870;261.850
3;4;126;2015;11;19;08;12.063;69.950;267.500
3;4;126;2015;11;19;09;11.575;70.101;240.628
3;4;126;2015;11;19;10;11.260;70.105;218.009
3;4;127;2015;11;19;03;3.217;68.081;176.366
3;4;127;2015;11;19;04;1.302;67.629;305.199
3;4;127;2015;11;19;05;0.257;67.345;256.355
3;4;127;2015;11;19;06;1.396;67.164;259.536
3;4;127;2015;11;19;07;1.992;67.277;225.063
3;4;127;2015;11;19;08;3.744;67.032;289.097
3;4;127;2015;11;19;09;4.828;66.962;350.590
3;4;127;2015;11;19;10;6.557;66.979;205.375
1;3;128;2015;12;13;18;9.833;70.987;347.255
1;3;128;2015;12;13;19;10.401;70.638;344.614
1;3;128;2015;12;13;20;12.413;70.397;334.531
1;3;128;2015;12;13;21;12.808;70.397;305.743
6;3;129;2015;12;13;20;31.328;72.069;173.641
6;3;129;2015;12;13;21;33.134;72.194;148.644
6;3;129;2015;12;13;22;34.256;72.245;176.697
6;3;129;2015;12;13;23;34.728;72.423;209.726
6;1;130;2015;12;15;10;45.699;73.099;151.613
6;1;130;2015;12;15;11;45.783;73.061;195.967
6;1;130;2015;12;15;12;46.699;73.074;237.379
6;1;130;2015;12;15;13;48.368;73.230;185.192
3;2;131;2016;03;17;01;35.546;70.166;369.919
3;2;131;2016;03;17;02;37.955;69.424;364.736
3;2;131;2016;03;17;03;39.003;69.098;307.274
3;2;131;2016;03;17;04;39.218;69.012;335.133
3;2;131;2016;03;17;05;39.764;68.779;272.235
3;2;131;2016;03;17;06;40.606;68.278;291.972
3;1;132;2016;04;11;05;46.778;72.087;211.111
3;1;132;2016;04;11;06;46.633;71.680;228.828
3;1;132;2016;04;11;07;47.628;71.485;177.198
3;1;132;2016;04;11;08;48.612;70.866;200.205
3;1;132;2016;04;11;09;49.643;70.866;170.473
3;1;132;2016;04;11;10;50.384;70.856;209.054
3;1;132;2016;04;11;11;50.920;70.537;197.102
3;1;132;2016;04;11;12;52.224;70.261;229.073
3;1;132;2016;04;11;13;53.105;70.242;197.049
3;1;132;2016;04;11;14;54.598;70.009;166.719
3;3;133;2016;04;22;14;0.560;69.352;271.255
3;3;133;2016;04;22;15;1.058;69.057;300.506
3;3;133;2016;04;22;16;0.398;68.579;240.418
3;3;133;2016;04;22;17;1.042;68.143;239.895
3;3;133;2016;04;22;18;2.125;67.961;267.232
3;3;133;2016;04;22;19;3.566;67.909;267.522
3;3;133;2016;04;22;20;4.410;67.901;264.796
3;3;133;2016;04;22;21;4.187;67.914;202.542
3;3;133;2016;04;22;22;4.190;67.970;180.027
6;3;134;2016;04;24;10;0.370;67.875;201.453
6;3;134;2016;04;24;11;0.670;67.877;159.768
6;3;134;2016;04;24;12;0.959;67.845;123.348
6;3;134;2016;04;24;13;-0.144;67.834;215.789
6;3;134;2016;04;24;14;-0.125;67.507;217.871
6;3;134;2016;04;24;15;-1.281;67.210;158.150
6;3;134;2016;04;24;16;-1.056;67.023;191.028
6;4;135;2016;11;27;04;34.336;74.925;152.949
6;4;135;2016;11;27;05;34.436;74.662;154.075
6;4;135;2016;11;27;06;35.221;74.061;175.031
6;4;135;2016;11;27;07;34.773;74.105;139.383
6;4;135;2016;11;27;08;34.564;74.241;177.247
6;4;135;2016;11;27;09;35.481;73.890;159.718
6;4;135;2016;11;27;10;33.918;74.155;188.642
6;4;135;2016;11;27;11;33.660;73.727;192.600
6;4;135;2016;11;27;12;33.598;73.323;186.052
6;4;135;2016;11;27;13;34.470;72.995;282.781
6;4;135;2016;11;27;14;35.813;72.755;245.427
6;4;135;2016;11;27;15;38.007;71.900;202.458
6;4;135;2016;11;27;16;37.605;71.667;239.672
6;4;135;2016;11;27;17;37.574;71.593;211.300
6;4;135;2016;11;27;18;36.795;71.530;205.449
6;4;135;2016;11;27;19;37.945;71.528;240.722
6;4;135;2016;11;27;20;38.300;71.634;171.717
6;4;135;2016;11;27;21;39.143;71.636;229.106
3;1;136;2017;01;13;11;7.451;72.055;240.991
3;1;136;2017;01;13;12;7.415;72.254;279.928
3;1;136;2017;01;13;13;6.896;72.544;214.352
3;1;136;2017;01;13;14;6.083;72.746;163.492
3;1;136;2017;01;13;15;5.697;72.517;157.014
3;1;136;2017;01;13;16;5.936;72.603;148.840
3;1;136;2017;01;13;17;5.394;72.468;143.267
3;1;136;2017;01;13;18;6.452;72.116;163.368
3;1;136;2017;01;13;19;6.104;72.295;177.831
3;1;136;2017;01;13;20;6.634;71.869;180.102
3;1;136;2017;01;13;21;6.764;71.712;190.702
3;1;136;2017;01;13;22;6.703;71.707;197.671
3;1;136;2017;01;13;23;6.399;71.897;183.712
3;1;136;2017;01;14;00;5.879;71.732;203.407
3;1;136;2017;01;14;01;5.331;71.665;188.738
3;1;136;2017;01;14;02;5.375;71.316;151.396
3;1;136;2017;01;14;03;5.665;71.570;170.234
3;1;136;2017;01;14;04;5.128;71.587;173.058
3;1;136;2017;01;14;05;6.509;70.822;242.783
6;1;137;2017;02;17;03;-5.094;70.688;193.811
6;1;137;2017;02;17;04;-4.686;70.395;204.408
6;1;137;2017;02;17;05;-2.378;70.359;186.921
6;1;137;2017;02;17;06;-1.758;69.945;231.965
6;1;137;2017;02;17;07;-0.153;69.682;279.976
6;1;138;2017;02;17;03;-6.620;73.575;138.132
6;1;138;2017;02;17;04;-6.504;73.048;153.234
6;1;138;2017;02;17;05;-7.049;72.940;178.536
6;1;138;2017;02;17;06;-5.771;72.739;196.937
6;1;138;2017;02;17;07;-5.092;72.470;181.736
6;1;138;2017;02;17;08;-4.215;72.197;227.338
6;1;139;2017;02;17;12;8.489;70.122;175.804
6;1;139;2017;02;17;13;11.060;70.245;163.000
6;1;139;2017;02;17;14;12.205;69.933;227.482
6;1;139;2017;02;17;15;12.729;70.643;224.299
6;2;140;2017;02;18;05;41.485;71.939;270.234
6;2;140;2017;02;18;06;42.046;71.741;217.854
6;2;140;2017;02;18;07;39.015;70.942;255.095
6;2;140;2017;02;18;08;39.369;70.808;225.037
6;2;140;2017;02;18;09;39.427;70.291;195.459
6;2;140;2017;02;18;10;39.736;71.088;271.494
6;2;140;2017;02;18;11;39.140;70.236;262.787
6;2;140;2017;02;18;12;40.006;70.339;165.552
6;1;141;2017;02;21;06;37.775;76.222;189.460
6;1;141;2017;02;21;07;39.668;76.003;190.420
6;1;141;2017;02;21;08;40.451;75.922;225.492
3;1;142;2017;02;24;03;20.683;74.890;154.213
3;1;142;2017;02;24;04;19.295;74.998;182.967
3;1;142;2017;02;24;05;18.997;74.913;128.740
3;1;142;2017;02;24;06;19.095;74.955;180.743
3;1;142;2017;02;24;07;19.162;74.638;196.631
3;1;142;2017;02;24;08;17.406;74.604;161.715
3;1;142;2017;02;24;09;18.010;74.558;195.993
3;1;142;2017;02;24;10;18.918;74.147;181.590
3;1;142;2017;02;24;11;18.254;73.649;166.631
3;1;142;2017;02;24;12;17.744;73.356;152.781
3;1;142;2017;02;24;13;17.684;73.267;167.023
3;1;142;2017;02;24;14;17.977;73.124;149.695
3;1;142;2017;02;24;15;17.340;72.816;126.577
3;1;142;2017;02;24;16;17.211;72.585;103.648
3;1;142;2017;02;24;17;16.818;72.164;100.039
3;1;142;2017;02;24;18;16.516;72.042;115.619
3;1;142;2017;02;24;19;16.225;71.607;112.740
6;1;143;2017;03;30;16;38.278;72.259;280.157
6;1;143;2017;03;30;17;36.889;71.481;260.124
6;1;143;2017;03;30;18;37.293;71.140;255.314
6;1;143;2017;03;30;19;38.951;71.075;269.675
6;1;143;2017;03;30;20;38.920;70.865;269.679
6;1;143;2017;03;30;21;39.863;70.448;276.906
6;1;143;2017;03;30;22;40.695;70.220;313.212
6;1;143;2017;03;30;23;41.900;70.132;283.336
1;3;144;2017;11;19;03;25.466;73.272;125.712
1;3;144;2017;11;19;04;24.808;73.218;149.691
1;3;144;2017;11;19;05;23.185;73.187;150.587
1;3;144;2017;11;19;06;22.684;73.434;152.353
1;3;144;2017;11;19;07;22.330;73.411;152.760
1;3;144;2017;11;19;08;21.131;73.352;124.295
1;3;144;2017;11;19;09;21.249;72.983;204.838
1;3;144;2017;11;19;10;21.800;73.475;152.838
6;1;145;2017;11;27;18;11.180;73.267;212.520
6;1;145;2017;11;27;19;11.169;72.882;163.330
6;1;145;2017;11;27;20;11.385;72.870;138.672
6;1;145;2017;11;27;21;12.506;72.053;193.978
6;1;145;2017;11;27;22;11.477;71.934;184.396
6;1;145;2017;11;27;23;11.234;71.319;196.851
6;1;145;2017;11;28;00;11.306;71.082;176.611
6;1;145;2017;11;28;01;8.789;72.010;210.708
6;1;145;2017;11;28;02;8.906;71.631;189.281
3;3;146;2017;12;03;12;-0.454;69.643;115.641
3;3;146;2017;12;03;13;1.330;69.608;134.841
3;3;146;2017;12;03;14;1.408;69.606;125.976
3;3;146;2017;12;03;15;2.696;69.388;125.590
3;3;146;2017;12;03;16;2.977;69.003;129.607
3;3;146;2017;12;03;17;3.825;68.721;157.255
3;3;146;2017;12;03;18;4.039;68.451;116.077
2;1;147;2004;03;01;14;5.255;67.606;116.156
2;1;147;2004;03;01;15;6.935;67.043;120.730
2;1;147;2004;03;01;16;8.241;66.473;132.057
2;1;147;2004;03;01;17;8.989;66.084;185.134
2;1;147;2004;03;01;18;9.911;65.473;199.430
2;1;147;2004;03;01;19;10.688;65.133;143.308
1;1;148;2004;02;21;12;7.192;64.984;204.677
1;1;148;2004;02;21;13;8.683;65.959;171.066
1;1;148;2004;02;21;14;8.794;64.774;154.212
1;1;148;2004;02;21;15;9.742;65.073;110.903
1;1;148;2004;02;21;16;10.825;65.172;113.169
1;2;149;2004;01;30;00;-3.081;63.299;188.745
1;2;149;2004;01;30;01;-2.681;62.984;192.801
1;2;149;2004;01;30;02;-2.580;62.745;201.133
1;2;149;2004;01;30;03;-1.889;62.797;189.018
1;2;149;2004;01;30;04;-1.690;62.801;186.758
1;2;149;2004;01;30;05;-1.630;62.668;210.041
1;2;149;2004;01;30;06;-1.508;62.765;198.930
1;2;149;2004;01;30;07;-1.835;62.662;215.802
1;2;149;2004;01;30;08;-1.976;62.607;291.227
1;2;149;2004;01;30;09;-1.584;62.350;353.454
1;2;149;2004;01;30;10;-1.575;62.390;369.277
1;2;149;2004;01;30;11;-1.503;62.301;455.391
1;2;149;2004;01;30;12;-1.039;62.266;430.663
1;2;149;2004;01;30;13;-1.844;61.555;314.874
1;2;149;2004;01;30;14;-0.513;61.824;246.843
1;2;149;2004;01;30;15;-0.603;61.262;316.614
1;2;149;2004;01;30;16;0.757;61.225;247.142
1;2;149;2004;01;30;17;1.113;61.148;213.487
1;2;149;2004;01;30;18;0.684;61.532;184.419
2;3;150;2004;01;27;12;9.023;69.326;185.066
2;3;150;2004;01;27;13;8.856;69.295;144.506
2;3;150;2004;01;27;14;8.601;69.296;107.757
2;3;150;2004;01;27;15;8.409;68.962;103.275
2;3;150;2004;01;27;16;8.558;68.532;117.571
2;3;150;2004;01;27;17;8.175;68.398;125.198
2;3;150;2004;01;27;18;7.355;68.497;124.440
2;3;150;2004;01;27;19;7.043;68.336;106.744
2;3;150;2004;01;27;20;6.833;68.214;132.808
2;3;150;2004;01;27;21;5.982;68.110;135.085
2;3;150;2004;01;27;22;6.632;67.764;123.172
2;3;150;2004;01;27;23;5.676;67.284;131.792
2;3;151;2004;01;27;12;9.178;69.387;135.649
2;3;151;2004;01;27;13;8.789;69.364;93.986
2;3;151;2004;01;27;14;8.443;69.188;96.562
2;3;151;2004;01;27;15;8.083;68.826;96.012
2;3;151;2004;01;27;16;8.030;68.580;91.675
2;3;151;2004;01;27;17;7.921;68.470;108.073
2;3;151;2004;01;27;18;8.215;68.226;109.343
2;3;151;2004;01;27;19;7.238;68.332;111.656
2;3;151;2004;01;27;20;6.543;68.272;100.764
2;3;151;2004;01;27;21;6.153;68.013;98.200
2;3;151;2004;01;27;22;6.631;67.670;88.642
2;3;151;2004;01;27;23;6.222;67.319;107.746
2;3;151;2004;01;28;00;4.662;66.865;76.733
2;3;151;2004;01;28;01;4.110;66.365;83.809
2;3;151;2004;01;28;02;4.773;66.435;113.707
2;3;151;2004;01;28;03;5.016;66.204;122.059
2;3;151;2004;01;28;04;4.730;66.009;88.805
1;1;152;2008;02;29;08;34.885;75.411;226.190
1;1;152;2008;02;29;09;34.929;75.475;236.644
1;1;152;2008;02;29;10;34.579;75.858;176.686
1;1;152;2008;02;29;11;35.579;75.739;284.660
1;1;152;2008;02;29;12;36.880;75.681;249.535
1;1;152;2008;02;29;13;37.469;76.559;123.806
1;1;152;2008;02;29;14;37.659;76.425;197.959
1;1;152;2008;02;29;15;35.727;77.293;159.271
1;1;152;2008;02;29;16;35.816;76.854;265.833
1;1;153;2004;02;21;14;-2.407;66.904;186.639
1;1;153;2004;02;21;15;-1.809;65.794;138.993
1;1;153;2004;02;21;16;1.430;64.784;138.172
1;1;153;2004;02;21;17;2.809;64.935;117.993
1;3;154;2007;04;06;00;16.648;70.845;179.557
1;3;154;2007;04;06;01;17.751;70.525;158.085
1;2;155;2010;02;02;14;2.896;60.389;374.168
1;2;155;2010;02;02;15;3.172;60.089;401.834
1;2;155;2010;02;02;16;2.737;60.977;381.607
1;2;155;2010;02;02;17;1.984;60.307;475.076
1;2;155;2010;02;02;18;2.561;60.558;505.842
1;2;155;2010;02;02;19;3.090;60.661;503.105
1;2;155;2010;02;02;20;2.642;60.789;360.033
1;2;155;2010;02;02;21;2.181;60.260;346.883
1;2;155;2010;02;02;22;1.894;59.690;322.685
1;2;155;2010;02;02;23;2.361;59.765;346.237